Workbook

Sheet SPY
B2: AUM-cierre 2017 | C2: 158789.66 | D2: =C2 -> 158789.66
B3: 43132 | C3: -6144.012 | D3: =D2+C3 -> 152645.65 | E3: =LN(D3/D2) -> -0.039461224
B4: 43160 | C4: -1048.214 | D4: =D3+C4 -> 151597.43 | E4: =LN(D4/D3) -> -0.0068906622
B5: 43191 | C5: -1677.034 | D5: =D4+C5 -> 149920.4 | E5: =LN(D5/D4) -> -0.01112406
B6: 43221 | C6: -624.76 | D6: =D5+C6 -> 149295.64 | E6: =LN(D6/D5) -> -0.0041759854
B7: 43313 | C7: -1559.184 | D7: =D6+C7 -> 147736.46 | E7: =LN(D7/D6) -> -0.010498517
B8: 43344 | C8: 2438.595 | D8: =D7+C8 -> 150175.05 | E8: =LN(D8/D7) -> 0.016371637
B9: 43374 | C9: -1152.643 | D9: =D8+C9 -> 149022.41 | E9: =LN(D9/D8) -> -0.0077049364
B10: 43405 | C10: 3618.606 | D10: =D9+C10 -> 152641.01 | E10: =LN(D10/D9) -> 0.023992167
B11: 43435 | C11: 2898.89 | D11: =D10+C11 -> 155539.9 | E11: =LN(D11/D10) -> 0.018813465
B12: 01/16/2018 | C12: -1598.182 | D12: =D11+C12 -> 153941.72 | E12: =LN(D12/D11) -> -0.010328214
B13: 01/17/2018 | C13: -235.425 | D13: =D12+C13 -> 153706.3 | E13: =LN(D13/D12) -> -0.0015304831
B14: 01/18/2018 | C14: 6709.774 | D14: =D13+C14 -> 160416.07 | E14: =LN(D14/D13) -> 0.042727265
B15: 01/19/2018 | C15: -1116.589 | D15: =D14+C15 -> 159299.48 | E15: =LN(D15/D14) -> -0.0069849185
B16: 01/22/2018 | C16: 3168.24 | D16: =D15+C16 -> 162467.72 | E16: =LN(D16/D15) -> 0.019693383
B17: 01/23/2018 | C17: 2458.949 | D17: =D16+C17 -> 164926.67 | E17: =LN(D17/D16) -> 0.015021609
B18: 01/24/2018 | C18: 2450.212 | D18: =D17+C18 -> 167376.88 | E18: =LN(D18/D17) -> 0.014747097
B19: 01/25/2018 | C19: -750.224 | D19: =D18+C19 -> 166626.66 | E19: =LN(D19/D18) -> -0.0044923192
B20: 01/26/2018 | C20: 382.419 | D20: =D19+C20 -> 167009.08 | E20: =LN(D20/D19) -> 0.0022924353
B21: 01/29/2018 | C21: -3066.908 | D21: =D20+C21 -> 163942.17 | E21: =LN(D21/D20) -> -0.018534427
B22: 01/30/2018 | C22: 4299.243 | D22: =D21+C22 -> 168241.41 | E22: =LN(D22/D21) -> 0.025886186
B23: 01/31/2018 | C23: 4140.071 | D23: =D22+C23 -> 172381.48 | E23: =LN(D23/D22) -> 0.024310021
B24: 43102 | C24: 84.534 | D24: =D23+C24 -> 172466.02 | E24: =LN(D24/D23) -> 0.00049026889
B25: 43133 | C25: -2225.065 | D25: =D24+C25 -> 170240.95 | E25: =LN(D25/D24) -> -0.012985416
B26: 43222 | C26: -1847.234 | D26: =D25+C26 -> 168393.72 | E26: =LN(D26/D25) -> -0.010910001
B27: 43253 | C27: -5328.248 | D27: =D26+C27 -> 163065.47 | E27: =LN(D27/D26) -> -0.03215302
B28: 43283 | C28: -7991.108 | D28: =D27+C28 -> 155074.36 | E28: =LN(D28/D27) -> -0.05024702
B29: 43314 | C29: -66.932 | D29: =D28+C29 -> 155007.43 | E29: =LN(D29/D28) -> -0.00043170546
B30: 43345 | C30: -7886.689 | D30: =D29+C30 -> 147120.74 | E30: =LN(D30/D29) -> -0.052219434
B31: 43436 | C31: -2367.989 | D31: =D30+C31 -> 144752.75 | E31: =LN(D31/D30) -> -0.016226489
B32: 02/13/2018 | C32: 7242.567 | D32: =D31+C32 -> 151995.32 | E32: =LN(D32/D31) -> 0.048822596
B33: 02/14/2018 | C33: -997.505 | D33: =D32+C33 -> 150997.82 | E33: =LN(D33/D32) -> -0.0065843644
B34: 02/15/2018 | C34: -808.903 | D34: =D33+C34 -> 150188.91 | E34: =LN(D34/D33) -> -0.0053714515
B35: 02/16/2018 | C35: 518.592 | D35: =D34+C35 -> 150707.5 | E35: =LN(D35/D34) -> 0.0034469837
B36: 02/20/2018 | C36: -3235.845 | D36: =D35+C36 -> 147471.66 | E36: =LN(D36/D35) -> -0.021704884
B37: 02/21/2018 | C37: -665.163 | D37: =D36+C37 -> 146806.5 | E37: =LN(D37/D36) -> -0.0045206491
B38: 02/22/2018 | C38: 2119.605 | D38: =D37+C38 -> 148926.1 | E38: =LN(D38/D37) -> 0.014334851
B39: 02/23/2018 | C39: -108.119 | D39: =D38+C39 -> 148817.98 | E39: =LN(D39/D38) -> -0.0007262546
B40: 02/26/2018 | C40: -2979.72 | D40: =D39+C40 -> 145838.26 | E40: =LN(D40/D39) -> -0.020225749
B41: 02/27/2018 | C41: 5029.629 | D41: =D40+C41 -> 150867.89 | E41: =LN(D41/D40) -> 0.033906347
B42: 02/28/2018 | C42: 2112.882 | D42: =D41+C42 -> 152980.77 | E42: =LN(D42/D41) -> 0.013907687
B43: 43103 | C43: 27.139 | D43: =D42+C43 -> 153007.91 | E43: =LN(D43/D42) -> 0.00017738564
B44: 43134 | C44: -3173.799 | D44: =D43+C44 -> 149834.11 | E44: =LN(D44/D43) -> -0.020960864
B45: 43223 | C45: -2705.54 | D45: =D44+C45 -> 147128.57 | E45: =LN(D45/D44) -> -0.018221918
B46: 43254 | C46: -2082.091 | D46: =D45+C46 -> 145046.48 | E46: =LN(D46/D45) -> -0.014252594
B47: 43284 | C47: -2510.671 | D47: =D46+C47 -> 142535.81 | E47: =LN(D47/D46) -> -0.017460983
B48: 43315 | C48: -2277.761 | D48: =D47+C48 -> 140258.05 | E48: =LN(D48/D47) -> -0.016109333
B49: 43346 | C49: 3110.714 | D49: =D48+C49 -> 143368.76 | E49: =LN(D49/D48) -> 0.02193614
B50: 43437 | C50: 2857.92 | D50: =D49+C50 -> 146226.68 | E50: =LN(D50/D49) -> 0.019737968
B51: 03/13/2018 | C51: 2659.366 | D51: =D50+C51 -> 148886.05 | E51: =LN(D51/D50) -> 0.0180232
B52: 03/14/2018 | C52: 1978.536 | D52: =D51+C52 -> 150864.59 | E52: =LN(D52/D51) -> 0.013201405
B53: 03/15/2018 | C53: 165.129 | D53: =D52+C53 -> 151029.71 | E53: =LN(D53/D52) -> 0.0010939525
B54: 03/16/2018 | C54: -5500.352 | D54: =D53+C54 -> 145529.36 | E54: =LN(D54/D53) -> -0.037098732
B55: 03/19/2018 | C55: 1769.841 | D55: =D54+C55 -> 147299.2 | E55: =LN(D55/D54) -> 0.012088046
B56: 03/20/2018 | C56: -1176.676 | D56: =D55+C56 -> 146122.53 | E56: =LN(D56/D55) -> -0.0080204169
B57: 03/21/2018 | C57: 1408.708 | D57: =D56+C57 -> 147531.24 | E57: =LN(D57/D56) -> 0.0095944202
B58: 03/22/2018 | C58: 1108.777 | D58: =D57+C58 -> 148640.01 | E58: =LN(D58/D57) -> 0.0074874397
B59: 03/23/2018 | C59: -3242.773 | D59: =D58+C59 -> 145397.24 | E59: =LN(D59/D58) -> -0.02205778
B60: 03/26/2018 | C60: -7924.137 | D60: =D59+C60 -> 137473.1 | E60: =LN(D60/D59) -> -0.056041299
B61: 03/27/2018 | C61: 1776.344 | D61: =D60+C61 -> 139249.45 | E61: =LN(D61/D60) -> 0.012838624
B62: 03/28/2018 | C62: 2970.211 | D62: =D61+C62 -> 142219.66 | E62: =LN(D62/D61) -> 0.021105842
B63: 03/29/2018 | C63: -1390.086 | D63: =D62+C63 -> 140829.57 | E63: =LN(D63/D62) -> -0.0098222996
B64: 43135 | C64: -2634.175 | D64: =D63+C64 -> 138195.4 | E64: =LN(D64/D63) -> -0.018881846
B65: 43163 | C65: -2201.93 | D65: =D64+C65 -> 135993.47 | E65: =LN(D65/D64) -> -0.016061756
B66: 43194 | C66: -1356.134 | D66: =D65+C66 -> 134637.33 | E66: =LN(D66/D65) -> -0.010022107
B67: 43224 | C67: -514.467 | D67: =D66+C67 -> 134122.87 | E67: =LN(D67/D66) -> -0.003828451
B68: 43255 | C68: 1089.27 | D68: =D67+C68 -> 135212.14 | E68: =LN(D68/D67) -> 0.0080886326
B69: 43347 | C69: -2091.865 | D69: =D68+C69 -> 133120.27 | E69: =LN(D69/D68) -> -0.01559191
B70: 43377 | C70: 4368.428 | D70: =D69+C70 -> 137488.7 | E70: =LN(D70/D69) -> 0.032288712
B71: 43408 | C71: 609.883 | D71: =D70+C71 -> 138098.58 | E71: =LN(D71/D70) -> 0.0044260678
B72: 43438 | C72: 290.084 | D72: =D71+C72 -> 138388.67 | E72: =LN(D72/D71) -> 0.0020983543
B73: 04/13/2018 | C73: -66.48 | D73: =D72+C73 -> 138322.19 | E73: =LN(D73/D72) -> -0.00048050158
B74: 04/16/2018 | C74: 556.825 | D74: =D73+C74 -> 138879.01 | E74: =LN(D74/D73) -> 0.0040174844
B75: 04/17/2018 | C75: -133.655 | D75: =D74+C75 -> 138745.36 | E75: =LN(D75/D74) -> -0.00096284783
B76: 04/18/2018 | C76: -337.691 | D76: =D75+C76 -> 138407.67 | E76: =LN(D76/D75) -> -0.0024368572
B77: 04/19/2018 | C77: 689.463 | D77: =D76+C77 -> 139097.13 | E77: =LN(D77/D76) -> 0.0049690271
B78: 04/20/2018 | C78: -591.503 | D78: =D77+C78 -> 138505.62 | E78: =LN(D78/D77) -> -0.0042615132
B79: 04/23/2018 | C79: 1252.946 | D79: =D78+C79 -> 139758.57 | E79: =LN(D79/D78) -> 0.0090055026
B80: 04/24/2018 | C80: 1146.376 | D80: =D79+C80 -> 140904.95 | E80: =LN(D80/D79) -> 0.0081690872
B81: 04/25/2018 | C81: -2301.626 | D81: =D80+C81 -> 138603.32 | E81: =LN(D81/D80) -> -0.016469481
B82: 04/26/2018 | C82: -1330.801 | D82: =D81+C82 -> 137272.52 | E82: =LN(D82/D81) -> -0.0096479004
B83: 04/27/2018 | C83: 1531.053 | D83: =D82+C83 -> 138803.57 | E83: =LN(D83/D82) -> 0.011091643
B84: 04/30/2018 | C84: 906.367 | D84: =D83+C84 -> 139709.94 | E84: =LN(D84/D83) -> 0.0065086264
B85: 43105 | C85: -79.322 | D85: =D84+C85 -> 139630.62 | E85: =LN(D85/D84) -> -0.00056792327
B86: 43136 | C86: 477.146 | D86: =D85+C86 -> 140107.76 | E86: =LN(D86/D85) -> 0.0034113764
B87: 43164 | C87: -592.141 | D87: =D86+C87 -> 139515.62 | E87: =LN(D87/D86) -> -0.0042352815
B88: 43195 | C88: -4818.873 | D88: =D87+C88 -> 134696.75 | E88: =LN(D88/D87) -> -0.035150632
B89: 43286 | C89: 2021.701 | D89: =D88+C89 -> 136718.45 | E89: =LN(D89/D88) -> 0.014897754
B90: 43317 | C90: -306.976 | D90: =D89+C90 -> 136411.48 | E90: =LN(D90/D89) -> -0.0022478396
B91: 43348 | C91: 547.081 | D91: =D90+C91 -> 136958.56 | E91: =LN(D91/D90) -> 0.0040024997
B92: 43378 | C92: 215.583 | D92: =D91+C92 -> 137174.14 | E92: =LN(D92/D91) -> 0.0015728372
B93: 43409 | C93: 2298.895 | D93: =D92+C93 -> 139473.03 | E93: =LN(D93/D92) -> 0.016620072
B94: 05/14/2018 | C94: 463.445 | D94: =D93+C94 -> 139936.48 | E94: =LN(D94/D93) -> 0.0033173203
B95: 05/15/2018 | C95: 518.449 | D95: =D94+C95 -> 140454.93 | E95: =LN(D95/D94) -> 0.0036980419
B96: 05/16/2018 | C96: 1612.564 | D96: =D95+C96 -> 142067.49 | E96: =LN(D96/D95) -> 0.0114156
B97: 05/17/2018 | C97: 1102.375 | D97: =D96+C97 -> 143169.87 | E97: =LN(D97/D96) -> 0.0077295659
B98: 05/18/2018 | C98: -1006.54 | D98: =D97+C98 -> 142163.33 | E98: =LN(D98/D97) -> -0.0070552196
B99: 05/21/2018 | C99: -922.568 | D99: =D98+C99 -> 141240.76 | E99: =LN(D99/D98) -> -0.0065106419
B100: 05/22/2018 | C100: 683.369 | D100: =D99+C100 -> 141924.13 | E100: =LN(D100/D99) -> 0.0048266601
B101: 05/23/2018 | C101: 190.748 | D101: =D100+C101 -> 142114.88 | E101: =LN(D101/D100) -> 0.0013431115
...

Sheet IVV
B1: AUM-cierre 2017 | C1: 89826.39 | D1: 89826.39
B2: 43132 | C2: -40.276 | D2: =C1+C2 -> 89786.114 | E2: =LN(D2/D1) -> -0.00044847658
B3: 43160 | C3: 703.932 | D3: =D2+C3 -> 90490.046 | E3: =LN(D3/D2) -> 0.0078095249
B4: 43191 | C4: 395.089 | D4: =D3+C4 -> 90885.135 | E4: =LN(D4/D3) -> 0.0043566008
B5: 43221 | C5: -68.407 | D5: =D4+C5 -> 90816.728 | E5: =LN(D5/D4) -> -0.00075295874
B6: 43313 | C6: -13.778 | D6: =D5+C6 -> 90802.95 | E6: =LN(D6/D5) -> -0.00015172365
B7: 43344 | C7: 0 | D7: =D6+C7 -> 90802.95 | E7: =LN(D7/D6) -> 0
B8: 43374 | C8: 2266.947 | D8: =D7+C8 -> 93069.897 | E8: =LN(D8/D7) -> 0.024659017
B9: 43405 | C9: 179.498 | D9: =D8+C9 -> 93249.395 | E9: =LN(D9/D8) -> 0.0019267791
B10: 43435 | C10: 13.906 | D10: =D9+C10 -> 93263.301 | E10: =LN(D10/D9) -> 0.00014911585
B11: 01/16/2018 | C11: 97.998 | D11: =D10+C11 -> 93361.299 | E11: =LN(D11/D10) -> 0.0010502153
B12: 01/17/2018 | C12: -41.852 | D12: =D11+C12 -> 93319.447 | E12: =LN(D12/D11) -> -0.00044838047
B13: 01/18/2018 | C13: 42.245 | D13: =D12+C13 -> 93361.692 | E13: =LN(D13/D12) -> 0.00045258992
B14: 01/19/2018 | C14: -112.482 | D14: =D13+C14 -> 93249.21 | E14: =LN(D14/D13) -> -0.0012055246
B15: 01/22/2018 | C15: -84.734 | D15: =D14+C15 -> 93164.476 | E15: =LN(D15/D14) -> -0.0009090964
B16: 01/23/2018 | C16: 0 | D16: =D15+C16 -> 93164.476 | E16: =LN(D16/D15) -> 0
B17: 01/24/2018 | C17: 28.536 | D17: =D16+C17 -> 93193.012 | E17: =LN(D17/D16) -> 0.00030625011
B18: 01/25/2018 | C18: 228.159 | D18: =D17+C18 -> 93421.171 | E18: =LN(D18/D17) -> 0.0024452494
B19: 01/26/2018 | C19: -28.537 | D19: =D18+C19 -> 93392.634 | E19: =LN(D19/D18) -> -0.00030551276
B20: 01/29/2018 | C20: 2194.529 | D20: =D19+C20 -> 95587.163 | E20: =LN(D20/D19) -> 0.023226056
B21: 01/30/2018 | C21: 387.215 | D21: =D20+C21 -> 95974.378 | E21: =LN(D21/D20) -> 0.0040427272
B22: 01/31/2018 | C22: 226.976 | D22: =D21+C22 -> 96201.354 | E22: =LN(D22/D21) -> 0.0023621724
B23: 43102 | C23: 752.245 | D23: =D22+C23 -> 96953.599 | E23: =LN(D23/D22) -> 0.0077890708
B24: 43133 | C24: 453.977 | D24: =D23+C24 -> 97407.576 | E24: =LN(D24/D23) -> 0.0046714867
B25: 43222 | C25: 708.22 | D25: =D24+C25 -> 98115.796 | E25: =LN(D25/D24) -> 0.007244383
B26: 43253 | C26: 532.682 | D26: =D25+C26 -> 98648.478 | E26: =LN(D26/D25) -> 0.0054144311
B27: 43283 | C27: 271.028 | D27: =D26+C27 -> 98919.506 | E27: =LN(D27/D26) -> 0.0027436446
B28: 43314 | C28: -107.87 | D28: =D27+C28 -> 98811.636 | E28: =LN(D28/D27) -> -0.0010910776
B29: 43345 | C29: -298.542 | D29: =D28+C29 -> 98513.094 | E29: =LN(D29/D28) -> -0.0030258977
B30: 43436 | C30: 237.202 | D30: =D29+C30 -> 98750.296 | E30: =LN(D30/D29) -> 0.0024049279
B31: 02/13/2018 | C31: 307.32 | D31: =D30+C31 -> 99057.616 | E31: =LN(D31/D30) -> 0.0031072594
B32: 02/14/2018 | C32: 428.716 | D32: =D31+C32 -> 99486.332 | E32: =LN(D32/D31) -> 0.0043186072
B33: 02/15/2018 | C33: -122.227 | D33: =D32+C33 -> 99364.105 | E33: =LN(D33/D32) -> -0.0012293362
B34: 02/16/2018 | C34: 0 | D34: =D33+C34 -> 99364.105 | E34: =LN(D34/D33) -> 0
B35: 02/20/2018 | C35: -247.579 | D35: =D34+C35 -> 99116.526 | E35: =LN(D35/D34) -> -0.0024947435
B36: 02/21/2018 | C36: 41.024 | D36: =D35+C36 -> 99157.55 | E36: =LN(D36/D35) -> 0.00041381104
B37: 02/22/2018 | C37: 231.199 | D37: =D36+C37 -> 99388.749 | E37: =LN(D37/D36) -> 0.0023289188
B38: 02/23/2018 | C38: 340.363 | D38: =D37+C38 -> 99729.112 | E38: =LN(D38/D37) -> 0.0034187122
B39: 02/26/2018 | C39: 207.502 | D39: =D38+C39 -> 99936.614 | E39: =LN(D39/D38) -> 0.0020784947
B40: 02/27/2018 | C40: 97.984 | D40: =D39+C40 -> 100034.6 | E40: =LN(D40/D39) -> 0.00097998114
B41: 02/28/2018 | C41: 469.944 | D41: =D40+C41 -> 100504.54 | E41: =LN(D41/D40) -> 0.0046868144
B42: 43103 | C42: 218.717 | D42: =D41+C42 -> 100723.26 | E42: =LN(D42/D41) -> 0.0021738257
B43: 43134 | C43: 94.429 | D43: =D42+C43 -> 100817.69 | E43: =LN(D43/D42) -> 0.00093707019
B44: 43223 | C44: 108.475 | D44: =D43+C44 -> 100926.16 | E44: =LN(D44/D43) -> 0.0010753736
B45: 43254 | C45: -54.836 | D45: =D44+C45 -> 100871.33 | E45: =LN(D45/D44) -> -0.00054347555
B46: 43284 | C46: 192.442 | D46: =D45+C46 -> 101063.77 | E46: =LN(D46/D45) -> 0.0019059793
B47: 43315 | C47: 755.706 | D47: =D46+C47 -> 101819.48 | E47: =LN(D47/D46) -> 0.0074496985
B48: 43346 | C48: -358.936 | D48: =D47+C48 -> 101460.54 | E48: =LN(D48/D47) -> -0.0035314477
B49: 43437 | C49: 449.452 | D49: =D48+C49 -> 101909.99 | E49: =LN(D49/D48) -> 0.004420038
B50: 03/13/2018 | C50: 98.193 | D50: =D49+C50 -> 102008.18 | E50: =LN(D50/D49) -> 0.00096306283
B51: 03/14/2018 | C51: -27.878 | D51: =D50+C51 -> 101980.31 | E51: =LN(D51/D50) -> -0.00027332915
B52: 03/15/2018 | C52: 83.179 | D52: =D51+C52 -> 102063.49 | E52: =LN(D52/D51) -> 0.00081530542
B53: 03/16/2018 | C53: -110.826 | D53: =D52+C53 -> 101952.66 | E53: =LN(D53/D52) -> -0.0010864435
B54: 03/19/2018 | C54: -513.453 | D54: =D53+C54 -> 101439.21 | E54: =LN(D54/D53) -> -0.0050489147
B55: 03/20/2018 | C55: -2024.658 | D55: =D54+C55 -> 99414.548 | E55: =LN(D55/D54) -> -0.020161202
B56: 03/21/2018 | C56: -4000.577 | D56: =D55+C56 -> 95413.971 | E56: =LN(D56/D55) -> -0.041073447
B57: 03/22/2018 | C57: 54.707 | D57: =D56+C57 -> 95468.678 | E57: =LN(D57/D56) -> 0.00057320036
B58: 03/23/2018 | C58: -4817.634 | D58: =D57+C58 -> 90651.044 | E58: =LN(D58/D57) -> -0.051780761
B59: 03/26/2018 | C59: 25.987 | D59: =D58+C59 -> 90677.031 | E59: =LN(D59/D58) -> 0.00028662964
B60: 03/27/2018 | C60: -173.504 | D60: =D59+C60 -> 90503.527 | E60: =LN(D60/D59) -> -0.0019152613
B61: 03/28/2018 | C61: 262.318 | D61: =D60+C61 -> 90765.845 | E61: =LN(D61/D60) -> 0.0028942361
B62: 03/29/2018 | C62: -65.399 | D62: =D61+C62 -> 90700.446 | E62: =LN(D62/D61) -> -0.00072078404
B63: 43135 | C63: 66.302 | D63: =D62+C63 -> 90766.748 | E63: =LN(D63/D62) -> 0.00073073266
B64: 43163 | C64: 207.429 | D64: =D63+C64 -> 90974.177 | E64: =LN(D64/D63) -> 0.0022826899
B65: 43194 | C65: -26.257 | D65: =D64+C65 -> 90947.92 | E65: =LN(D65/D64) -> -0.00028866202
B66: 43224 | C66: 132.812 | D66: =D65+C66 -> 91080.732 | E66: =LN(D66/D65) -> 0.0014592431
B67: 43255 | C67: 0 | D67: =D66+C67 -> 91080.732 | E67: =LN(D67/D66) -> 0
B68: 43347 | C68: 117.732 | D68: =D67+C68 -> 91198.464 | E68: =LN(D68/D67) -> 0.0012917768
B69: 43377 | C69: 236.32 | D69: =D68+C69 -> 91434.784 | E69: =LN(D69/D68) -> 0.0025879202
B70: 43408 | C70: -774.227 | D70: =D69+C70 -> 90660.557 | E70: =LN(D70/D69) -> -0.0085035857
B71: 43438 | C71: -132.756 | D71: =D70+C71 -> 90527.801 | E71: =LN(D71/D70) -> -0.0014653924
B72: 04/13/2018 | C72: 26.773 | D72: =D71+C72 -> 90554.574 | E72: =LN(D72/D71) -> 0.00029569968
B73: 04/16/2018 | C73: -133.483 | D73: =D72+C73 -> 90421.091 | E73: =LN(D73/D72) -> -0.0014751489
B74: 04/17/2018 | C74: -67.284 | D74: =D73+C74 -> 90353.807 | E74: =LN(D74/D73) -> -0.00074439542
B75: 04/18/2018 | C75: 68.001 | D75: =D74+C75 -> 90421.808 | E75: =LN(D75/D74) -> 0.00075232496
B76: 04/19/2018 | C76: 204.174 | D76: =D75+C76 -> 90625.982 | E76: =LN(D76/D75) -> 0.0022554717
B77: 04/20/2018 | C77: 0 | D77: =D76+C77 -> 90625.982 | E77: =LN(D77/D76) -> 0
B78: 04/23/2018 | C78: -13.42 | D78: =D77+C78 -> 90612.562 | E78: =LN(D78/D77) -> -0.00014809212
B79: 04/24/2018 | C79: 1838.694 | D79: =D78+C79 -> 92451.256 | E79: =LN(D79/D78) -> 0.020088687
B80: 04/25/2018 | C80: -198.628 | D80: =D79+C80 -> 92252.628 | E80: =LN(D80/D79) -> -0.0021507731
B81: 04/26/2018 | C81: 225.526 | D81: =D80+C81 -> 92478.154 | E81: =LN(D81/D80) -> 0.0024416733
B82: 04/27/2018 | C82: 40.214 | D82: =D81+C82 -> 92518.368 | E82: =LN(D82/D81) -> 0.00043475413
B83: 04/30/2018 | C83: 26.841 | D83: =D82+C83 -> 92545.209 | E83: =LN(D83/D82) -> 0.00029007329
B84: 43105 | C84: -266.216 | D84: =D83+C84 -> 92278.993 | E84: =LN(D84/D83) -> -0.0028807503
B85: 43136 | C85: 333.62 | D85: =D84+C85 -> 92612.613 | E85: =LN(D85/D84) -> 0.0036088211
B86: 43164 | C86: -808.162 | D86: =D85+C86 -> 91804.451 | E86: =LN(D86/D85) -> -0.0087645596
B87: 43195 | C87: 3410.821 | D87: =D86+C87 -> 95215.272 | E87: =LN(D87/D86) -> 0.036479567
B88: 43286 | C88: -26.784 | D88: =D87+C88 -> 95188.488 | E88: =LN(D88/D87) -> -0.00028133898
B89: 43317 | C89: 282.208 | D89: =D88+C89 -> 95470.696 | E89: =LN(D89/D88) -> 0.0029603421
B90: 43348 | C90: 1531.597 | D90: =D89+C90 -> 97002.293 | E90: =LN(D90/D89) -> 0.015915265
B91: 43378 | C91: 40.7 | D91: =D90+C91 -> 97042.993 | E91: =LN(D91/D90) -> 0.00041948971
B92: 43409 | C92: -27.394 | D92: =D91+C92 -> 97015.599 | E92: =LN(D92/D91) -> -0.0002823271
B93: 05/14/2018 | C93: 13.725 | D93: =D92+C93 -> 97029.324 | E93: =LN(D93/D92) -> 0.00014146209
B94: 05/15/2018 | C94: -151.116 | D94: =D93+C94 -> 96878.208 | E94: =LN(D94/D93) -> -0.0015586401
B95: 05/16/2018 | C95: 109.155 | D95: =D94+C95 -> 96987.363 | E95: =LN(D95/D94) -> 0.0011260897
B96: 05/17/2018 | C96: -13.704 | D96: =D95+C96 -> 96973.659 | E96: =LN(D96/D95) -> -0.00014130674
B97: 05/18/2018 | C97: 54.783 | D97: =D96+C97 -> 97028.442 | E97: =LN(D97/D96) -> 0.00056476709
B98: 05/21/2018 | C98: 68.304 | D98: =D97+C98 -> 97096.746 | E98: =LN(D98/D97) -> 0.00070371087
B99: 05/22/2018 | C99: 165.144 | D99: =D98+C99 -> 97261.89 | E99: =LN(D99/D98) -> 0.0016993743
B100: 05/23/2018 | C100: 178.349 | D100: =D99+C100 -> 97440.239 | E100: =LN(D100/D99) -> 0.0018320195
...

Sheet VOO
B2: AUM-cierre 2017 | C2: 61574.97 | D2: 61574.97
B3: 43132 | C3: -36.667 | D3: =C2+C3 -> 61538.303 | E3: =LN(D3/D2) -> -0.00059566284
B4: 43160 | C4: 111.359 | D4: =D3+C4 -> 61649.662 | E4: =LN(D4/D3) -> 0.0018079531
B5: 43191 | C5: 180.218 | D5: =D4+C5 -> 61829.88 | E5: =LN(D5/D4) -> 0.0029189957
B6: 43221 | C6: 108.197 | D6: =D5+C6 -> 61938.077 | E6: =LN(D6/D5) -> 0.0017483851
B7: 43313 | C7: 183.714 | D7: =D6+C7 -> 62121.791 | E7: =LN(D7/D6) -> 0.0029617013
B8: 43344 | C8: 39.067 | D8: =D7+C8 -> 62160.858 | E8: =LN(D8/D7) -> 0.00062867989
B9: 43374 | C9: 202.8 | D9: =D8+C9 -> 62363.658 | E9: =LN(D9/D8) -> 0.0032571928
B10: 43405 | C10: 101.693 | D10: =D9+C10 -> 62465.351 | E10: =LN(D10/D9) -> 0.0016293171
B11: 43435 | C11: 63.492 | D11: =D10+C11 -> 62528.843 | E11: =LN(D11/D10) -> 0.0010159193
B12: 01/16/2018 | C12: 12.996 | D12: =D11+C12 -> 62541.839 | E12: =LN(D12/D11) -> 0.00020781849
B13: 01/17/2018 | C13: 77.019 | D13: =D12+C13 -> 62618.858 | E13: =LN(D13/D12) -> 0.001230722
B14: 01/18/2018 | C14: -44.342 | D14: =D13+C14 -> 62574.516 | E14: =LN(D14/D13) -> -0.00070837618
B15: 01/19/2018 | C15: 26.854 | D15: =D14+C15 -> 62601.37 | E15: =LN(D15/D14) -> 0.00042906028
B16: 01/22/2018 | C16: 413.336 | D16: =D15+C16 -> 63014.706 | E16: =LN(D16/D15) -> 0.0065809649
B17: 01/23/2018 | C17: 130.898 | D17: =D16+C17 -> 63145.604 | E17: =LN(D17/D16) -> 0.0020751066
B18: 01/24/2018 | C18: 130.737 | D18: =D17+C18 -> 63276.341 | E18: =LN(D18/D17) -> 0.0020682651
B19: 01/25/2018 | C19: 97.683 | D19: =D18+C19 -> 63374.024 | E19: =LN(D19/D18) -> 0.001542562
B20: 01/26/2018 | C20: -97.159 | D20: =D19+C20 -> 63276.865 | E20: =LN(D20/D19) -> -0.0015342809
B21: 01/29/2018 | C21: 20.273 | D21: =D20+C21 -> 63297.138 | E21: =LN(D21/D20) -> 0.00032033435
B22: 01/30/2018 | C22: 366.511 | D22: =D21+C22 -> 63663.649 | E22: =LN(D22/D21) -> 0.0057736255
B23: 01/31/2018 | C23: 388.711 | D23: =D22+C23 -> 64052.36 | E23: =LN(D23/D22) -> 0.0060871335
B24: 43102 | C24: -94.487 | D24: =D23+C24 -> 63957.873 | E24: =LN(D24/D23) -> -0.0014762416
B25: 43133 | C25: 187.813 | D25: =D24+C25 -> 64145.686 | E25: =LN(D25/D24) -> 0.0029322079
B26: 43222 | C26: -113.257 | D26: =D25+C26 -> 64032.429 | E26: =LN(D26/D25) -> -0.001767182
B27: 43253 | C27: -498.003 | D27: =D26+C27 -> 63534.426 | E27: =LN(D27/D26) -> -0.0078077574
B28: 43283 | C28: 153.982 | D28: =D27+C28 -> 63688.408 | E28: =LN(D28/D27) -> 0.0024206673
B29: 43314 | C29: 106.427 | D29: =D28+C29 -> 63794.835 | E29: =LN(D29/D28) -> 0.001669663
B30: 43345 | C30: 148.097 | D30: =D29+C30 -> 63942.932 | E30: =LN(D30/D29) -> 0.0023187671
B31: 43436 | C31: 146.617 | D31: =D30+C31 -> 64089.549 | E31: =LN(D31/D30) -> 0.0022903104
B32: 02/13/2018 | C32: 135.114 | D32: =D31+C32 -> 64224.663 | E32: =LN(D32/D31) -> 0.0021059873
B33: 02/14/2018 | C33: 223.192 | D33: =D32+C33 -> 64447.855 | E33: =LN(D33/D32) -> 0.0034691514
B34: 02/15/2018 | C34: 198.539 | D34: =D33+C34 -> 64646.394 | E34: =LN(D34/D33) -> 0.0030758792
B35: 02/16/2018 | C35: 128.487 | D35: =D34+C35 -> 64774.881 | E35: =LN(D35/D34) -> 0.0019855629
B36: 02/20/2018 | C36: 37.855 | D36: =D35+C36 -> 64812.736 | E36: =LN(D36/D35) -> 0.00058423794
B37: 02/21/2018 | C37: 362.395 | D37: =D36+C37 -> 65175.131 | E37: =LN(D37/D36) -> 0.0055758425
B38: 02/22/2018 | C38: -24.632 | D38: =D37+C38 -> 65150.499 | E38: =LN(D38/D37) -> -0.000378007
B39: 02/23/2018 | C39: 132.864 | D39: =D38+C39 -> 65283.363 | E39: =LN(D39/D38) -> 0.0020372631
B40: 02/26/2018 | C40: 152.054 | D40: =D39+C40 -> 65435.417 | E40: =LN(D40/D39) -> 0.0023264303
B41: 02/27/2018 | C41: 58.229 | D41: =D40+C41 -> 65493.646 | E41: =LN(D41/D40) -> 0.00088947408
B42: 02/28/2018 | C42: 164.706 | D42: =D41+C42 -> 65658.352 | E42: =LN(D42/D41) -> 0.0025116825
B43: 43103 | C43: 168.443 | D43: =D42+C43 -> 65826.795 | E43: =LN(D43/D42) -> 0.0025621615
B44: 43134 | C44: 43.116 | D44: =D43+C44 -> 65869.911 | E44: =LN(D44/D43) -> 0.00065477722
B45: 43223 | C45: 49.682 | D45: =D44+C45 -> 65919.593 | E45: =LN(D45/D44) -> 0.00075395993
B46: 43254 | C46: 56.421 | D46: =D45+C46 -> 65976.014 | E46: =LN(D46/D45) -> 0.0008555403
B47: 43284 | C47: 108.673 | D47: =D46+C47 -> 66084.687 | E47: =LN(D47/D46) -> 0.0016458041
B48: 43315 | C48: 232.321 | D48: =D47+C48 -> 66317.008 | E48: =LN(D48/D47) -> 0.0035093393
B49: 43346 | C49: 7.122 | D49: =D48+C49 -> 66324.13 | E49: =LN(D49/D48) -> 0.0001073875
B50: 43437 | C50: 148.591 | D50: =D49+C50 -> 66472.721 | E50: =LN(D50/D49) -> 0.0022378703
B51: 03/13/2018 | C51: 327.476 | D51: =D50+C51 -> 66800.197 | E51: =LN(D51/D50) -> 0.0049143767
B52: 03/14/2018 | C52: 8.804 | D52: =D51+C52 -> 66809.001 | E52: =LN(D52/D51) -> 0.00013178733
B53: 03/15/2018 | C53: 147.743 | D53: =D52+C53 -> 66956.744 | E53: =LN(D53/D52) -> 0.002208982
B54: 03/16/2018 | C54: 19.004 | D54: =D53+C54 -> 66975.748 | E54: =LN(D54/D53) -> 0.00028378476
B55: 03/19/2018 | C55: -290.942 | D55: =D54+C55 -> 66684.806 | E55: =LN(D55/D54) -> -0.0043534528
B56: 03/20/2018 | C56: 0.173 | D56: =D55+C56 -> 66684.979 | E56: =LN(D56/D55) -> 2.5942908e-06
B57: 03/21/2018 | C57: 56.366 | D57: =D56+C57 -> 66741.345 | E57: =LN(D57/D56) -> 0.00084490079
B58: 03/22/2018 | C58: 62.466 | D58: =D57+C58 -> 66803.811 | E58: =LN(D58/D57) -> 0.00093550386
B59: 03/23/2018 | C59: 0.05 | D59: =D58+C59 -> 66803.861 | E59: =LN(D59/D58) -> 7.4846001e-07
B60: 03/26/2018 | C60: 267.941 | D60: =D59+C60 -> 67071.802 | E60: =LN(D60/D59) -> 0.0040028389
B61: 03/27/2018 | C61: -1223.688 | D61: =D60+C61 -> 65848.114 | E61: =LN(D61/D60) -> -0.01841293
B62: 03/28/2018 | C62: -466.655 | D62: =D61+C62 -> 65381.459 | E62: =LN(D62/D61) -> -0.0071120702
B63: 03/29/2018 | C63: 156.869 | D63: =D62+C63 -> 65538.328 | E63: =LN(D63/D62) -> 0.0023964151
B64: 43135 | C64: 30.411 | D64: =D63+C64 -> 65568.739 | E64: =LN(D64/D63) -> 0.00046391093
B65: 43163 | C65: 125.221 | D65: =D64+C65 -> 65693.96 | E65: =LN(D65/D64) -> 0.0019079455
B66: 43194 | C66: -82.704 | D66: =D65+C66 -> 65611.256 | E66: =LN(D66/D65) -> -0.0012597216
B67: 43224 | C67: 115.234 | D67: =D66+C67 -> 65726.49 | E67: =LN(D67/D66) -> 0.001754774
B68: 43255 | C68: 104.331 | D68: =D67+C68 -> 65830.821 | E68: =LN(D68/D67) -> 0.0015860923
B69: 43347 | C69: 97.077 | D69: =D68+C69 -> 65927.898 | E69: =LN(D69/D68) -> 0.0014735574
B70: 43377 | C70: -221.281 | D70: =D69+C70 -> 65706.617 | E70: =LN(D70/D69) -> -0.0033620545
B71: 43408 | C71: -59.725 | D71: =D70+C71 -> 65646.892 | E71: =LN(D71/D70) -> -0.00090937813
B72: 43438 | C72: -56.172 | D72: =D71+C72 -> 65590.72 | E72: =LN(D72/D71) -> -0.00085603513
B73: 04/13/2018 | C73: 0.065 | D73: =D72+C73 -> 65590.785 | E73: =LN(D73/D72) -> 9.9099336e-07
B74: 04/16/2018 | C74: 24.386 | D74: =D73+C74 -> 65615.171 | E74: =LN(D74/D73) -> 0.00037172093
B75: 04/17/2018 | C75: 49.108 | D75: =D74+C75 -> 65664.279 | E75: =LN(D75/D74) -> 0.00074814455
B76: 04/18/2018 | C76: 286.734 | D76: =D75+C76 -> 65951.013 | E76: =LN(D76/D75) -> 0.0043571602
B77: 04/19/2018 | C77: -22.225 | D77: =D76+C77 -> 65928.788 | E77: =LN(D77/D76) -> -0.00033704934
B78: 04/20/2018 | C78: 105.19 | D78: =D77+C78 -> 66033.978 | E78: =LN(D78/D77) -> 0.0015942379
B79: 04/23/2018 | C79: 25.98 | D79: =D78+C79 -> 66059.958 | E79: =LN(D79/D78) -> 0.00039335644
B80: 04/24/2018 | C80: 12.788 | D80: =D79+C80 -> 66072.746 | E80: =LN(D80/D79) -> 0.00019356298
B81: 04/25/2018 | C81: -47.563 | D81: =D80+C81 -> 66025.183 | E81: =LN(D81/D80) -> -0.0007201173
B82: 04/26/2018 | C82: 18.385 | D82: =D81+C82 -> 66043.568 | E82: =LN(D82/D81) -> 0.0002784156
B83: 04/27/2018 | C83: 12.278 | D83: =D82+C83 -> 66055.846 | E83: =LN(D83/D82) -> 0.0001858903
B84: 04/30/2018 | C84: 55.186 | D84: =D83+C84 -> 66111.032 | E84: =LN(D84/D83) -> 0.00083509581
B85: 43105 | C85: 42.502 | D85: =D84+C85 -> 66153.534 | E85: =LN(D85/D84) -> 0.0006426816
B86: 43136 | C86: -91.309 | D86: =D85+C86 -> 66062.225 | E86: =LN(D86/D85) -> -0.0013812123
B87: 43164 | C87: -48.043 | D87: =D86+C87 -> 66014.182 | E87: =LN(D87/D86) -> -0.00072750317
B88: 43195 | C88: -23.744 | D88: =D87+C88 -> 65990.438 | E88: =LN(D88/D87) -> -0.00035974499
B89: 43286 | C89: 226.268 | D89: =D88+C89 -> 66216.706 | E89: =LN(D89/D88) -> 0.0034229349
B90: 43317 | C90: 245.262 | D90: =D89+C90 -> 66461.968 | E90: =LN(D90/D89) -> 0.0036970867
B91: 43348 | C91: -12.075 | D91: =D90+C91 -> 66449.893 | E91: =LN(D91/D90) -> -0.00018169936
B92: 43378 | C92: 0.208 | D92: =D91+C92 -> 66450.101 | E92: =LN(D92/D91) -> 3.1301732e-06
B93: 43409 | C93: 162.992 | D93: =D92+C93 -> 66613.093 | E93: =LN(D93/D92) -> 0.0024498447
B94: 05/14/2018 | C94: 43.875 | D94: =D93+C94 -> 66656.968 | E94: =LN(D94/D93) -> 0.00065843748
B95: 05/15/2018 | C95: -5.422 | D95: =D94+C95 -> 66651.546 | E95: =LN(D95/D94) -> -8.1345142e-05
B96: 05/16/2018 | C96: 106.237 | D96: =D95+C96 -> 66757.783 | E96: =LN(D96/D95) -> 0.0015926476
B97: 05/17/2018 | C97: -74.945 | D97: =D96+C97 -> 66682.838 | E97: =LN(D97/D96) -> -0.0011232713
B98: 05/18/2018 | C98: 0.262 | D98: =D97+C98 -> 66683.1 | E98: =LN(D98/D97) -> 3.9290392e-06
B99: 05/21/2018 | C99: 6.241 | D99: =D98+C99 -> 66689.341 | E99: =LN(D99/D98) -> 9.358755e-05
B100: 05/22/2018 | C100: 18.834 | D100: =D99+C100 -> 66708.175 | E100: =LN(D100/D99) -> 0.00028237408
B101: 05/23/2018 | C101: 37.548 | D101: =D100+C101 -> 66745.723 | E101: =LN(D101/D100) -> 0.00056271119
...

Sheet Agregado
B1: date | C1: total_net_flows_SPY | D1: total_net_flows_IVV | E1: total_net_flows_VOO | F1: total | G1: variación
C2: 158789.66 | D2: 89826.39 | E2: 61574.97 | F2: =SUM(C2:E2) -> 310191.02 | I2: Inicio Semana | J2: 43112 | K2: 0.03028 | M2: 43102 | N2: 268.77 | O2: 43132 | P2: {=XLOOKUP(O2,Agregado!$B$2:$B$1511,Agregado!$G$2:$G$1511)} -> #N/A
B3: 2 / 1 / 2018 | C3: 152645.65 | D3: 89786.114 | E3: 61538.303 | F3: =SUM(C3:E3) -> 303970.07 | G3: =LN(F3/F2) -> -0.020259075 | I3: 43105 | J3: 43119 | K3: 0.01218 | M3: 43103 | N3: 270.47 | O3: 43160 | P3: {=XLOOKUP(O3,Agregado!$B$2:$B$1511,Agregado!$G$2:$G$1511)} -> #N/A
B4: 3 / 1 / 2018 | C4: 151597.43 | D4: 90490.046 | E4: 61649.662 | F4: =SUM(C4:E4) -> 303737.14 | G4: =LN(F4/F3) -> -0.00076656327 | I4: 43112 | J4: 43126 | K4: 0.02669 | M4: 43104 | N4: 271.61 | O4: 43191 | P4: {=XLOOKUP(O4,Agregado!$B$2:$B$1511,Agregado!$G$2:$G$1511)} -> #N/A
B5: 4 / 1 / 2018 | C5: 149920.4 | D5: 90885.135 | E5: 61829.88 | F5: =SUM(C5:E5) -> 302635.41 | G5: =LN(F5/F4) -> -0.0036338327 | I5: 43119 | J5: 43133 | K5: 0.02476 | M5: 43105 | N5: 273.42 | O5: 43221 | P5: {=XLOOKUP(O5,Agregado!$B$2:$B$1511,Agregado!$G$2:$G$1511)} -> #N/A
B6: 5 / 1 / 2018 | C6: 149295.64 | D6: 90816.728 | E6: 61938.077 | F6: =SUM(C6:E6) -> 302050.45 | G6: =LN(F6/F5) -> -0.0019347903 | I6: 43126 | J6: 43140 | K6: -0.06931 | M6: 43108 | N6: 273.92 | O6: 43313 | P6: {=XLOOKUP(O6,Agregado!$B$2:$B$1511,Agregado!$G$2:$G$1511)} -> #N/A
B7: 8 / 1 / 2018 | C7: 147736.46 | D7: 90802.95 | E7: 62121.791 | F7: =SUM(C7:E7) -> 300661.2 | G7: =LN(F7/F6) -> -0.0046100004 | I7: 43133 | J7: 43147 | K7: 0.01688 | M7: 43109 | N7: 274.54 | O7: 43344 | P7: {=XLOOKUP(O7,Agregado!$B$2:$B$1511,Agregado!$G$2:$G$1511)} -> #N/A
B8: 9 / 1 / 2018 | C8: 150175.05 | D8: 90802.95 | E8: 62160.858 | F8: =SUM(C8:E8) -> 303138.86 | G8: =LN(F8/F7) -> 0.0082069416 | I8: 43140 | J8: 43154 | K8: -0.00323 | M8: 43110 | N8: 274.12 | O8: 43374 | P8: {=XLOOKUP(O8,Agregado!$B$2:$B$1511,Agregado!$G$2:$G$1511)} -> #N/A
B9: 10 / 1 / 2018 | C9: 149022.41 | D9: 93069.897 | E9: 62363.658 | F9: =SUM(C9:E9) -> 304455.96 | G9: =LN(F9/F8) -> 0.0043354749 | I9: 43147 | J9: 43161 | K9: 0.00855 | M9: 43111 | N9: 276.12 | O9: 43405 | P9: {=XLOOKUP(O9,Agregado!$B$2:$B$1511,Agregado!$G$2:$G$1511)} -> #N/A
B10: 11 / 1 / 2018 | C10: 152641.01 | D10: 93249.395 | E10: 62465.351 | F10: =SUM(C10:E10) -> 308355.76 | G10: =LN(F10/F9) -> 0.012727725 | I10: 43154 | J10: 43168 | K10: -0.0171 | M10: 43112 | N10: 277.92 | O10: 43435 | P10: {=XLOOKUP(O10,Agregado!$B$2:$B$1511,Agregado!$G$2:$G$1511)} -> #N/A
B11: 12 / 1 / 2018 | C11: 155539.9 | D11: 93263.301 | E11: 62528.843 | F11: =SUM(C11:E11) -> 311332.05 | G11: =LN(F11/F10) -> 0.0096058397 | I11: 43161 | J11: 43175 | K11: 0.01057 | M11: 43116 | N11: 276.97 | O11: 01/16/2018 | P11: {=XLOOKUP(O11,Agregado!$B$2:$B$1511,Agregado!$G$2:$G$1511)} -> #N/A
B12: 16 / 1 / 2018 | C12: 153941.72 | D12: 93361.299 | E12: 62541.839 | F12: =SUM(C12:E12) -> 309844.86 | G12: =LN(F12/F11) -> -0.0047883005 | I12: 43168 | J12: 43182 | K12: -0.0376 | M12: 43117 | N12: 279.61 | O12: 01/17/2018 | P12: {=XLOOKUP(O12,Agregado!$B$2:$B$1511,Agregado!$G$2:$G$1511)} -> #N/A
B13: 17 / 1 / 2018 | C13: 153706.3 | D13: 93319.447 | E13: 62618.858 | F13: =SUM(C13:E13) -> 309644.6 | G13: =LN(F13/F12) -> -0.00064652595 | I13: 43175 | J13: 43188 | K13: -0.01929 | M13: 43118 | N13: 279.14 | O13: 01/18/2018 | P13: {=XLOOKUP(O13,Agregado!$B$2:$B$1511,Agregado!$G$2:$G$1511)} -> #N/A
B14: 18 / 1 / 2018 | C14: 160416.07 | D14: 93361.692 | E14: 62574.516 | F14: =SUM(C14:E14) -> 316352.28 | G14: =LN(F14/F13) -> 0.021431205 | I14: 43182 | J14: 43196 | K14: -0.0168 | M14: 43119 | N14: 280.41 | O14: 01/19/2018 | P14: {=XLOOKUP(O14,Agregado!$B$2:$B$1511,Agregado!$G$2:$G$1511)} -> #N/A
B15: 19 / 1 / 2018 | C15: 159299.48 | D15: 93249.21 | E15: 62601.37 | F15: =SUM(C15:E15) -> 315150.06 | G15: =LN(F15/F14) -> -0.0038074869 | I15: 43188 | J15: 43203 | K15: 0.00799 | M15: 43122 | N15: 282.69 | O15: 01/22/2018 | P15: {=XLOOKUP(O15,Agregado!$B$2:$B$1511,Agregado!$G$2:$G$1511)} -> #N/A
B16: 22 / 1 / 2018 | C16: 162467.72 | D16: 93164.476 | E16: 63014.706 | F16: =SUM(C16:E16) -> 318646.9 | G16: =LN(F16/F15) -> 0.011034693 | I16: 43196 | J16: 43210 | K16: 0.00237 | M16: 43123 | N16: 283.29 | O16: 01/23/2018 | P16: {=XLOOKUP(O16,Agregado!$B$2:$B$1511,Agregado!$G$2:$G$1511)} -> #N/A
B17: 23 / 1 / 2018 | C17: 164926.67 | D17: 93164.476 | E17: 63145.604 | F17: =SUM(C17:E17) -> 321236.75 | G17: =LN(F17/F16) -> 0.0080947876 | I17: 43203 | J17: 43217 | K17: 0.00746 | M17: 43124 | N17: 283.18 | O17: 01/24/2018 | P17: {=XLOOKUP(O17,Agregado!$B$2:$B$1511,Agregado!$G$2:$G$1511)} -> #N/A
B18: 24 / 1 / 2018 | C18: 167376.88 | D18: 93193.012 | E18: 63276.341 | F18: =SUM(C18:E18) -> 323846.24 | G18: =LN(F18/F17) -> 0.0080904296 | I18: 43210 | J18: 43224 | K18: -0.00498 | M18: 43125 | N18: 283.3 | O18: 01/25/2018 | P18: {=XLOOKUP(O18,Agregado!$B$2:$B$1511,Agregado!$G$2:$G$1511)} -> #N/A
B19: 25 / 1 / 2018 | C19: 166626.66 | D19: 93421.171 | E19: 63374.024 | F19: =SUM(C19:E19) -> 323421.85 | G19: =LN(F19/F18) -> -0.0013113023 | I19: 43217 | J19: 43231 | K19: 0.02403 | M19: 43126 | N19: 286.58 | O19: 01/26/2018 | P19: {=XLOOKUP(O19,Agregado!$B$2:$B$1511,Agregado!$G$2:$G$1511)} -> #N/A
B20: 26 / 1 / 2018 | C20: 167009.08 | D20: 93392.634 | E20: 63276.865 | F20: =SUM(C20:E20) -> 323678.58 | G20: =LN(F20/F19) -> 0.00079345647 | I20: 43224 | J20: 43238 | K20: 0.00911 | M20: 43129 | N20: 284.68 | O20: 01/29/2018 | P20: {=XLOOKUP(O20,Agregado!$B$2:$B$1511,Agregado!$G$2:$G$1511)} -> #N/A
B21: 29 / 1 / 2018 | C21: 163942.17 | D21: 95587.163 | E21: 63297.138 | F21: =SUM(C21:E21) -> 322826.47 | G21: =LN(F21/F20) -> -0.0026360397 | I21: 43231 | J21: 43245 | K21: 0.01083 | M21: 43130 | N21: 281.76 | O21: 01/30/2018 | P21: {=XLOOKUP(O21,Agregado!$B$2:$B$1511,Agregado!$G$2:$G$1511)} -> #N/A
B22: 30 / 1 / 2018 | C22: 168241.41 | D22: 95974.378 | E22: 63663.649 | F22: =SUM(C22:E22) -> 327879.44 | G22: =LN(F22/F21) -> 0.015531042 | I22: 43238 | J22: 43252 | K22: -0.01065 | M22: 43131 | N22: 281.9 | O22: 01/31/2018 | P22: {=XLOOKUP(O22,Agregado!$B$2:$B$1511,Agregado!$G$2:$G$1511)} -> #N/A
B23: 31 / 1 / 2018 | C23: 172381.48 | D23: 96201.354 | E23: 64052.36 | F23: =SUM(C23:E23) -> 332635.2 | G23: =LN(F23/F22) -> 0.014400408 | I23: 43245 | J23: 43259 | K23: -0.00393 | M23: 43132 | N23: 281.58 | O23: 43102 | P23: {=XLOOKUP(O23,Agregado!$B$2:$B$1511,Agregado!$G$2:$G$1511)} -> #N/A
B24: 1 / 2 / 2018 | C24: 172466.02 | D24: 96953.599 | E24: 63957.873 | F24: =SUM(C24:E24) -> 333377.49 | G24: =LN(F24/F23) -> 0.0022290636 | I24: 43252 | J24: 43266 | K24: -0.01401 | M24: 43133 | N24: 275.45 | O24: 43133 | P24: {=XLOOKUP(O24,Agregado!$B$2:$B$1511,Agregado!$G$2:$G$1511)} -> #N/A
B25: 2 / 2 / 2018 | C25: 170240.95 | D25: 97407.576 | E25: 64145.686 | F25: =SUM(C25:E25) -> 331794.22 | G25: =LN(F25/F24) -> -0.0047605091 | I25: 43259 | J25: 43273 | K25: 0.00799 | M25: 43136 | N25: 263.93 | O25: 43222 | P25: {=XLOOKUP(O25,Agregado!$B$2:$B$1511,Agregado!$G$2:$G$1511)} -> #N/A
B26: 5 / 2 / 2018 | C26: 168393.72 | D26: 98115.796 | E26: 64032.429 | F26: =SUM(C26:E26) -> 330541.94 | G26: =LN(F26/F25) -> -0.0037813804 | I26: 43266 | J26: 43280 | K26: -0.01055 | M26: 43137 | N26: 269.13 | O26: 43253 | P26: {=XLOOKUP(O26,Agregado!$B$2:$B$1511,Agregado!$G$2:$G$1511)} -> #N/A
B27: 6 / 2 / 2018 | C27: 163065.47 | D27: 98648.478 | E27: 63534.426 | F27: =SUM(C27:E27) -> 325248.38 | G27: =LN(F27/F26) -> -0.016144441 | I27: 43273 | J27: 43287 | K27: -0.00518 | M27: 43138 | N27: 267.67 | O27: 43283 | P27: {=XLOOKUP(O27,Agregado!$B$2:$B$1511,Agregado!$G$2:$G$1511)} -> #N/A
B28: 7 / 2 / 2018 | C28: 155074.36 | D28: 98919.506 | E28: 63688.408 | F28: =SUM(C28:E28) -> 317682.28 | G28: =LN(F28/F27) -> -0.023537367 | I28: 43280 | J28: 43294 | K28: 0.00194 | M28: 43139 | N28: 257.63 | O28: 43314 | P28: {=XLOOKUP(O28,Agregado!$B$2:$B$1511,Agregado!$G$2:$G$1511)} -> #N/A
B29: 8 / 2 / 2018 | C29: 155007.43 | D29: 98811.636 | E29: 63794.835 | F29: =SUM(C29:E29) -> 317613.9 | G29: =LN(F29/F28) -> -0.00021525393 | I29: 43287 | J29: 43301 | K29: -0.00224 | M29: 43140 | N29: 261.5 | O29: 43345 | P29: {=XLOOKUP(O29,Agregado!$B$2:$B$1511,Agregado!$G$2:$G$1511)} -> #N/A
B30: 9 / 2 / 2018 | C30: 147120.74 | D30: 98513.094 | E30: 63942.932 | F30: =SUM(C30:E30) -> 309576.77 | G30: =LN(F30/F29) -> -0.0256304 | I30: 43294 | J30: 43308 | K30: 0.00768 | M30: 43143 | N30: 265.34 | O30: 43436 | P30: {=XLOOKUP(O30,Agregado!$B$2:$B$1511,Agregado!$G$2:$G$1511)} -> #N/A
B31: 12 / 2 / 2018 | C31: 144752.75 | D31: 98750.296 | E31: 64089.549 | F31: =SUM(C31:E31) -> 307592.6 | G31: =LN(F31/F30) -> -0.0064299265 | I31: 43301 | J31: 43315 | K31: -0.00952 | M31: 43144 | N31: 266 | O31: 02/13/2018 | P31: {=XLOOKUP(O31,Agregado!$B$2:$B$1511,Agregado!$G$2:$G$1511)} -> #N/A
B32: 13 / 2 / 2018 | C32: 151995.32 | D32: 99057.616 | E32: 64224.663 | F32: =SUM(C32:E32) -> 315277.6 | G32: =LN(F32/F31) -> 0.024677344 | I32: 43308 | J32: 43322 | K32: 0.0233 | M32: 43145 | N32: 269.59 | O32: 02/14/2018 | P32: {=XLOOKUP(O32,Agregado!$B$2:$B$1511,Agregado!$G$2:$G$1511)} -> #N/A
B33: 14 / 2 / 2018 | C33: 150997.81 | D33: 99486.332 | E33: 64447.855 | F33: =SUM(C33:E33) -> 314932 | G33: =LN(F33/F32) -> -0.0010967685 | I33: 43315 | J33: 43329 | K33: 0.00026 | M33: 43146 | N33: 273.03 | O33: 02/15/2018 | P33: {=XLOOKUP(O33,Agregado!$B$2:$B$1511,Agregado!$G$2:$G$1511)} -> #N/A
B34: 15 / 2 / 2018 | C34: 150188.91 | D34: 99364.105 | E34: 64646.394 | F34: =SUM(C34:E34) -> 314199.41 | G34: =LN(F34/F33) -> -0.0023288976 | I34: 43322 | J34: 43336 | K34: -0.0044 | M34: 43147 | N34: 273.11 | O34: 02/16/2018 | P34: {=XLOOKUP(O34,Agregado!$B$2:$B$1511,Agregado!$G$2:$G$1511)} -> #N/A
B35: 16 / 2 / 2018 | C35: 150707.5 | D35: 99364.105 | E35: 64774.881 | F35: =SUM(C35:E35) -> 314846.49 | G35: =LN(F35/F34) -> 0.0020573355 | I35: 43329 | J35: 43343 | K35: 0.00683 | M35: 43151 | N35: 271.4 | O35: 02/20/2018 | P35: {=XLOOKUP(O35,Agregado!$B$2:$B$1511,Agregado!$G$2:$G$1511)} -> #N/A
B36: 20 / 2 / 2018 | C36: 147471.66 | D36: 99116.526 | E36: 64812.736 | F36: =SUM(C36:E36) -> 311400.92 | G36: =LN(F36/F35) -> -0.01100397 | I36: 43336 | J36: 43350 | K36: 0.0016 | M36: 43152 | N36: 270.05 | O36: 02/21/2018 | P36: {=XLOOKUP(O36,Agregado!$B$2:$B$1511,Agregado!$G$2:$G$1511)} -> #N/A
B37: 21 / 2 / 2018 | C37: 146806.5 | D37: 99157.55 | E37: 65175.131 | F37: =SUM(C37:E37) -> 311139.18 | G37: =LN(F37/F36) -> -0.00084089046 | I37: 43343 | J37: 43357 | K37: -0.00302 | M37: 43153 | N37: 270.4 | O37: 02/22/2018 | P37: {=XLOOKUP(O37,Agregado!$B$2:$B$1511,Agregado!$G$2:$G$1511)} -> #N/A
B38: 22 / 2 / 2018 | C38: 148926.1 | D38: 99388.749 | E38: 65150.499 | F38: =SUM(C38:E38) -> 313465.35 | G38: =LN(F38/F37) -> 0.0074484979 | I38: 43350 | J38: 43364 | K38: 0.04855 | M38: 43154 | N38: 274.71 | O38: 02/23/2018 | P38: {=XLOOKUP(O38,Agregado!$B$2:$B$1511,Agregado!$G$2:$G$1511)} -> #N/A
B39: 23 / 2 / 2018 | C39: 148817.98 | D39: 99729.112 | E39: 65283.363 | F39: =SUM(C39:E39) -> 313830.46 | G39: =LN(F39/F38) -> 0.0011640698 | I39: 43357 | J39: 43371 | K39: -0.01494 | M39: 43157 | N39: 277.9 | O39: 02/26/2018 | P39: {=XLOOKUP(O39,Agregado!$B$2:$B$1511,Agregado!$G$2:$G$1511)} -> #N/A
B40: 26 / 2 / 2018 | C40: 145838.26 | D40: 99936.614 | E40: 65435.417 | F40: =SUM(C40:E40) -> 311210.29 | G40: =LN(F40/F39) -> -0.0083840273 | I40: 43364 | J40: 43378 | K40: 0.01524 | M40: 43158 | N40: 274.43 | O40: 02/27/2018 | P40: {=XLOOKUP(O40,Agregado!$B$2:$B$1511,Agregado!$G$2:$G$1511)} -> #N/A
B41: 27 / 2 / 2018 | C41: 150867.89 | D41: 100034.6 | E41: 65493.646 | F41: =SUM(C41:E41) -> 316396.14 | G41: =LN(F41/F40) -> 0.016526153 | I41: 43371 | J41: 43385 | K41: -0.01049 | M41: 43159 | N41: 271.65 | O41: 02/28/2018 | P41: {=XLOOKUP(O41,Agregado!$B$2:$B$1511,Agregado!$G$2:$G$1511)} -> #N/A
B42: 28 / 2 / 2018 | C42: 152980.77 | D42: 100504.54 | E42: 65658.352 | F42: =SUM(C42:E42) -> 319143.67 | G42: =LN(F42/F41) -> 0.0086463479 | I42: 43378 | J42: 43392 | K42: -0.00905 | M42: 43160 | N42: 267.7 | O42: 43103 | P42: {=XLOOKUP(O42,Agregado!$B$2:$B$1511,Agregado!$G$2:$G$1511)} -> #N/A
B43: 1 / 3 / 2018 | C43: 153007.91 | D43: 100723.26 | E43: 65826.795 | F43: =SUM(C43:E43) -> 319557.97 | G43: =LN(F43/F42) -> 0.0012973164 | I43: 43385 | J43: 43399 | K43: 0.0049 | M43: 43161 | N43: 269.08 | O43: 43134 | P43: {=XLOOKUP(O43,Agregado!$B$2:$B$1511,Agregado!$G$2:$G$1511)} -> #N/A
B44: 2 / 3 / 2018 | C44: 149834.11 | D44: 100817.69 | E44: 65869.911 | F44: =SUM(C44:E44) -> 316521.71 | G44: =LN(F44/F43) -> -0.009546845 | I44: 43392 | J44: 43406 | K44: 0.00099 | M44: 43164 | N44: 272.19 | O44: 43223 | P44: {=XLOOKUP(O44,Agregado!$B$2:$B$1511,Agregado!$G$2:$G$1511)} -> #N/A
B45: 5 / 3 / 2018 | C45: 147128.57 | D45: 100926.16 | E45: 65919.593 | F45: =SUM(C45:E45) -> 313974.33 | G45: =LN(F45/F44) -> -0.0080806118 | I45: 43399 | J45: 43413 | K45: 0.00858 | M45: 43165 | N45: 272.88 | O45: 43254 | P45: {=XLOOKUP(O45,Agregado!$B$2:$B$1511,Agregado!$G$2:$G$1511)} -> #N/A
B46: 6 / 3 / 2018 | C46: 145046.48 | D46: 100871.33 | E46: 65976.014 | F46: =SUM(C46:E46) -> 311893.82 | G46: =LN(F46/F45) -> -0.0066484088 | I46: 43406 | J46: 43420 | K46: 0.00415 | M46: 43166 | N46: 272.78 | O46: 43284 | P46: {=XLOOKUP(O46,Agregado!$B$2:$B$1511,Agregado!$G$2:$G$1511)} -> #N/A
B47: 7 / 3 / 2018 | C47: 142535.81 | D47: 101063.77 | E47: 66084.687 | F47: =SUM(C47:E47) -> 309684.27 | G47: =LN(F47/F46) -> -0.0071095341 | I47: 43413 | J47: 43427 | K47: 0.00272 | M47: 43167 | N47: 274.1 | O47: 43315 | P47: {=XLOOKUP(O47,Agregado!$B$2:$B$1511,Agregado!$G$2:$G$1511)} -> #N/A
B48: 8 / 3 / 2018 | C48: 140258.05 | D48: 101819.48 | E48: 66317.008 | F48: =SUM(C48:E48) -> 308394.53 | G48: =LN(F48/F47) -> -0.0041733704 | I48: 43420 | J48: 43434 | K48: 0.01956 | M48: 43168 | N48: 278.87 | O48: 43346 | P48: {=XLOOKUP(O48,Agregado!$B$2:$B$1511,Agregado!$G$2:$G$1511)} -> #N/A
B49: 9 / 3 / 2018 | C49: 143368.76 | D49: 101460.54 | E49: 66324.13 | F49: =SUM(C49:E49) -> 311153.43 | G49: =LN(F49/F48) -> 0.0089062297 | I49: 43427 | J49: 43441 | K49: -0.02909 | M49: 43171 | N49: 278.52 | O49: 43437 | P49: {=XLOOKUP(O49,Agregado!$B$2:$B$1511,Agregado!$G$2:$G$1511)} -> #N/A
B50: 12 / 3 / 2018 | C50: 146226.68 | D50: 101909.99 | E50: 66472.721 | F50: =SUM(C50:E50) -> 314609.4 | G50: =LN(F50/F49) -> 0.011045712 | I50: 43434 | J50: 43448 | K50: 0.00516 | M50: 43172 | N50: 276.72 | O50: 03/13/2018 | P50: {=XLOOKUP(O50,Agregado!$B$2:$B$1511,Agregado!$G$2:$G$1511)} -> #N/A
B51: 13 / 3 / 2018 | C51: 148886.05 | D51: 102008.18 | E51: 66800.197 | F51: =SUM(C51:E51) -> 317694.43 | G51: =LN(F51/F50) -> 0.0097581553 | I51: 43441 | J51: 43455 | K51: 0.01139 | M51: 43173 | N51: 275.3 | O51: 03/14/2018 | P51: {=XLOOKUP(O51,Agregado!$B$2:$B$1511,Agregado!$G$2:$G$1511)} -> #N/A
B52: 14 / 3 / 2018 | C52: 150864.59 | D52: 101980.31 | E52: 66809.001 | F52: =SUM(C52:E52) -> 319653.89 | G52: =LN(F52/F51) -> 0.0061488141 | I52: 43448 | J52: 43462 | K52: 0.01623 | M52: 43174 | N52: 275 | O52: 03/15/2018 | P52: {=XLOOKUP(O52,Agregado!$B$2:$B$1511,Agregado!$G$2:$G$1511)} -> #N/A
B53: 15 / 3 / 2018 | C53: 151029.71 | D53: 102063.49 | E53: 66956.744 | F53: =SUM(C53:E53) -> 320049.94 | G53: =LN(F53/F52) -> 0.0012382325 | I53: 43455 | J53: 43469 | K53: -0.02212 | M53: 43175 | N53: 274.2 | O53: 03/16/2018 | P53: {=XLOOKUP(O53,Agregado!$B$2:$B$1511,Agregado!$G$2:$G$1511)} -> #N/A
B54: 16 / 3 / 2018 | C54: 145529.36 | D54: 101952.66 | E54: 66975.748 | F54: =SUM(C54:E54) -> 314457.77 | G54: =LN(F54/F53) -> -0.017627268 | I54: 43462 | J54: 43476 | K54: 0.00484 | M54: 43178 | N54: 270.49 | O54: 03/19/2018 | P54: {=XLOOKUP(O54,Agregado!$B$2:$B$1511,Agregado!$G$2:$G$1511)} -> #N/A
B55: 19 / 3 / 2018 | C55: 147299.2 | D55: 101439.21 | E55: 66684.806 | F55: =SUM(C55:E55) -> 315423.22 | G55: =LN(F55/F54) -> 0.0030654894 | I55: 43469 | J55: 43483 | K55: -0.02077 | M55: 43179 | N55: 270.95 | O55: 03/20/2018 | P55: {=XLOOKUP(O55,Agregado!$B$2:$B$1511,Agregado!$G$2:$G$1511)} -> #N/A
B56: 20 / 3 / 2018 | C56: 146122.53 | D56: 99414.548 | E56: 66684.979 | F56: =SUM(C56:E56) -> 312222.05 | G56: =LN(F56/F55) -> -0.010200631 | I56: 43476 | J56: 43490 | K56: 0.00949 | M56: 43180 | N56: 270.43 | O56: 03/21/2018 | P56: {=XLOOKUP(O56,Agregado!$B$2:$B$1511,Agregado!$G$2:$G$1511)} -> #N/A
B57: 21 / 3 / 2018 | C57: 147531.24 | D57: 95413.971 | E57: 66741.345 | F57: =SUM(C57:E57) -> 309686.55 | G57: =LN(F57/F56) -> -0.008153986 | I57: 43483 | J57: 43497 | K57: -0.02965 | M57: 43181 | N57: 263.67 | O57: 03/22/2018 | P57: {=XLOOKUP(O57,Agregado!$B$2:$B$1511,Agregado!$G$2:$G$1511)} -> #N/A
B58: 22 / 3 / 2018 | C58: 148640.01 | D58: 95468.678 | E58: 66803.811 | F58: =SUM(C58:E58) -> 310912.5 | G58: =LN(F58/F57) -> 0.0039508652 | I58: 43490 | J58: 43504 | K58: -0.00311 | M58: 43182 | N58: 258.05 | O58: 03/23/2018 | P58: {=XLOOKUP(O58,Agregado!$B$2:$B$1511,Agregado!$G$2:$G$1511)} -> #N/A
B59: 23 / 3 / 2018 | C59: 145397.24 | D59: 90651.044 | E59: 66803.861 | F59: =SUM(C59:E59) -> 302852.15 | G59: =LN(F59/F58) -> -0.026266812 | I59: 43497 | J59: 43511 | K59: 0.00147 | M59: 43185 | N59: 265.11 | O59: 03/26/2018 | P59: {=XLOOKUP(O59,Agregado!$B$2:$B$1511,Agregado!$G$2:$G$1511)} -> #N/A
B60: 26 / 3 / 2018 | C60: 137473.1 | D60: 90677.031 | E60: 67071.802 | F60: =SUM(C60:E60) -> 295221.94 | G60: =LN(F60/F59) -> -0.025517317 | I60: 43504 | J60: 43518 | K60: 0.0042 | M60: 43186 | N60: 260.6 | O60: 03/27/2018 | P60: {=XLOOKUP(O60,Agregado!$B$2:$B$1511,Agregado!$G$2:$G$1511)} -> #N/A
B61: 27 / 3 / 2018 | C61: 139249.45 | D61: 90503.527 | E61: 65848.114 | F61: =SUM(C61:E61) -> 295601.09 | G61: =LN(F61/F60) -> 0.0012834708 | I61: 43511 | J61: 43525 | K61: 0.00767 | M61: 43187 | N61: 259.83 | O61: 03/28/2018 | P61: {=XLOOKUP(O61,Agregado!$B$2:$B$1511,Agregado!$G$2:$G$1511)} -> #N/A
B62: 28 / 3 / 2018 | C62: 142219.66 | D62: 90765.845 | E62: 65381.459 | F62: =SUM(C62:E62) -> 298366.96 | G62: =LN(F62/F61) -> 0.0093132753 | I62: 43518 | J62: 43532 | K62: -0.01743 | M62: 43188 | N62: 263.15 | O62: 03/29/2018 | P62: {=XLOOKUP(O62,Agregado!$B$2:$B$1511,Agregado!$G$2:$G$1511)} -> #N/A
B63: 29 / 3 / 2018 | C63: 140829.57 | D63: 90700.446 | E63: 65538.328 | F63: =SUM(C63:E63) -> 297068.35 | G63: =LN(F63/F62) -> -0.0043619115 | I63: 43525 | J63: 43539 | K63: 0.0365 | M63: 43192 | N63: 257.47 | O63: 43135 | P63: {=XLOOKUP(O63,Agregado!$B$2:$B$1511,Agregado!$G$2:$G$1511)} -> #N/A
B64: 2 / 4 / 2018 | C64: 138195.4 | D64: 90766.748 | E64: 65568.739 | F64: =SUM(C64:E64) -> 294530.88 | G64: =LN(F64/F63) -> -0.0085783667 | I64: 43532 | J64: 43546 | K64: 0.01427 | M64: 43193 | N64: 260.77 | O64: 43163 | P64: {=XLOOKUP(O64,Agregado!$B$2:$B$1511,Agregado!$G$2:$G$1511)} -> #N/A
B65: 3 / 4 / 2018 | C65: 135993.47 | D65: 90974.177 | E65: 65693.96 | F65: =SUM(C65:E65) -> 292661.6 | G65: =LN(F65/F64) -> -0.0063668605 | I65: 43539 | J65: 43553 | K65: -0.00408 | M65: 43194 | N65: 263.56 | O65: 43194 | P65: {=XLOOKUP(O65,Agregado!$B$2:$B$1511,Agregado!$G$2:$G$1511)} -> #N/A
B66: 4 / 4 / 2018 | C66: 134637.33 | D66: 90947.92 | E66: 65611.256 | F66: =SUM(C66:E66) -> 291196.51 | G66: =LN(F66/F65) -> -0.0050186785 | I66: 43546 | J66: 43560 | K66: 0.01548 | M66: 43195 | N66: 265.64 | O66: 43224 | P66: {=XLOOKUP(O66,Agregado!$B$2:$B$1511,Agregado!$G$2:$G$1511)} -> #N/A
B67: 5 / 4 / 2018 | C67: 134122.87 | D67: 91080.732 | E67: 65726.49 | F67: =SUM(C67:E67) -> 290930.09 | G67: =LN(F67/F66) -> -0.00091533704 | I67: 43553 | J67: 43567 | K67: 0.01958 | M67: 43196 | N67: 259.72 | O67: 43255 | P67: {=XLOOKUP(O67,Agregado!$B$2:$B$1511,Agregado!$G$2:$G$1511)} -> #N/A
B68: 6 / 4 / 2018 | C68: 135212.14 | D68: 91080.732 | E68: 65830.821 | F68: =SUM(C68:E68) -> 292123.69 | G68: =LN(F68/F67) -> 0.0040943142 | I68: 43560 | J68: 43573 | K68: 0.00257 | M68: 43199 | N68: 261 | O68: 43347 | P68: {=XLOOKUP(O68,Agregado!$B$2:$B$1511,Agregado!$G$2:$G$1511)} -> #N/A
B69: 9 / 4 / 2018 | C69: 133120.27 | D69: 91198.464 | E69: 65927.898 | F69: =SUM(C69:E69) -> 290246.63 | G69: =LN(F69/F68) -> -0.0064462849 | I69: 43567 | J69: 43581 | K69: -0.01436 | M69: 43200 | N69: 265.15 | O69: 43377 | P69: {=XLOOKUP(O69,Agregado!$B$2:$B$1511,Agregado!$G$2:$G$1511)} -> #N/A
B70: 10 / 4 / 2018 | C70: 137488.7 | D70: 91434.784 | E70: 65706.617 | F70: =SUM(C70:E70) -> 294630.1 | G70: =LN(F70/F69) -> 0.014989651 | I70: 43573 | J70: 43588 | K70: -9e-05 | M70: 43201 | N70: 263.76 | O70: 43408 | P70: {=XLOOKUP(O70,Agregado!$B$2:$B$1511,Agregado!$G$2:$G$1511)} -> #N/A
B71: 11 / 4 / 2018 | C71: 138098.58 | D71: 90660.557 | E71: 65646.892 | F71: =SUM(C71:E71) -> 294406.03 | G71: =LN(F71/F70) -> -0.00076079887 | I71: 43581 | J71: 43595 | K71: -0.0227 | M71: 43202 | N71: 265.93 | O71: 43438 | P71: {=XLOOKUP(O71,Agregado!$B$2:$B$1511,Agregado!$G$2:$G$1511)} -> #N/A
B72: 12 / 4 / 2018 | C72: 138388.67 | D72: 90527.801 | E72: 65590.72 | F72: =SUM(C72:E72) -> 294507.19 | G72: =LN(F72/F71) -> 0.00034353449 | I72: 43588 | J72: 43602 | K72: -0.00698 | M72: 43203 | N72: 265.15 | O72: 04/13/2018 | P72: {=XLOOKUP(O72,Agregado!$B$2:$B$1511,Agregado!$G$2:$G$1511)} -> #N/A
B73: 13 / 4 / 2018 | C73: 138322.19 | D73: 90554.574 | E73: 65590.785 | F73: =SUM(C73:E73) -> 294467.54 | G73: =LN(F73/F72) -> -0.00013461359 | I73: 43595 | J73: 43609 | K73: 0.00947 | M73: 43206 | N73: 267.33 | O73: 04/16/2018 | P73: {=XLOOKUP(O73,Agregado!$B$2:$B$1511,Agregado!$G$2:$G$1511)} -> #N/A
B74: 16 / 4 / 2018 | C74: 138879.01 | D74: 90421.091 | E74: 65615.171 | F74: =SUM(C74:E74) -> 294915.27 | G74: =LN(F74/F73) -> 0.0015193116 | I74: 43602 | J74: 43616 | K74: -0.0117 | M74: 43207 | N74: 270.19 | O74: 04/17/2018 | P74: {=XLOOKUP(O74,Agregado!$B$2:$B$1511,Agregado!$G$2:$G$1511)} -> #N/A
B75: 17 / 4 / 2018 | C75: 138745.36 | D75: 90353.807 | E75: 65664.279 | F75: =SUM(C75:E75) -> 294763.44 | G75: =LN(F75/F74) -> -0.00051496179 | I75: 43609 | J75: 43623 | K75: 0.01332 | M75: 43208 | N75: 270.39 | O75: 04/18/2018 | P75: {=XLOOKUP(O75,Agregado!$B$2:$B$1511,Agregado!$G$2:$G$1511)} -> #N/A
B76: 18 / 4 / 2018 | C76: 138407.67 | D76: 90421.808 | E76: 65951.013 | F76: =SUM(C76:E76) -> 294780.49 | G76: =LN(F76/F75) -> 5.7820967e-05 | I76: 43616 | J76: 43630 | K76: 0.00544 | M76: 43209 | N76: 268.89 | O76: 04/19/2018 | P76: {=XLOOKUP(O76,Agregado!$B$2:$B$1511,Agregado!$G$2:$G$1511)} -> #N/A
B77: 19 / 4 / 2018 | C77: 139097.13 | D77: 90625.982 | E77: 65928.788 | F77: =SUM(C77:E77) -> 295651.9 | G77: =LN(F77/F76) -> 0.0029517779 | I77: 43623 | J77: 43637 | K77: -0.00389 | M77: 43210 | N77: 266.61 | O77: 04/20/2018 | P77: {=XLOOKUP(O77,Agregado!$B$2:$B$1511,Agregado!$G$2:$G$1511)} -> #N/A
B78: 20 / 4 / 2018 | C78: 138505.63 | D78: 90625.982 | E78: 66033.978 | F78: =SUM(C78:E78) -> 295165.59 | G78: =LN(F78/F77) -> -0.001646238 | I78: 43630 | J78: 43644 | K78: -0.01031 | M78: 43213 | N78: 266.57 | O78: 04/23/2018 | P78: {=XLOOKUP(O78,Agregado!$B$2:$B$1511,Agregado!$G$2:$G$1511)} -> #N/A
B79: 23 / 4 / 2018 | C79: 139758.57 | D79: 90612.562 | E79: 66059.958 | F79: =SUM(C79:E79) -> 296431.09 | G79: =LN(F79/F78) -> 0.0042782794 | I79: 43637 | J79: 43651 | K79: 0.00343 | M79: 43214 | N79: 262.98 | O79: 04/24/2018 | P79: {=XLOOKUP(O79,Agregado!$B$2:$B$1511,Agregado!$G$2:$G$1511)} -> #N/A
B80: 24 / 4 / 2018 | C80: 140904.95 | D80: 92451.256 | E80: 66072.746 | F80: =SUM(C80:E80) -> 299428.95 | G80: =LN(F80/F79) -> 0.010062374 | I80: 43644 | J80: 43658 | K80: 0.01949 | M80: 43215 | N80: 263.63 | O80: 04/25/2018 | P80: {=XLOOKUP(O80,Agregado!$B$2:$B$1511,Agregado!$G$2:$G$1511)} -> #N/A
B81: 25 / 4 / 2018 | C81: 138603.32 | D81: 92252.628 | E81: 66025.183 | F81: =SUM(C81:E81) -> 296881.13 | G81: =LN(F81/F80) -> -0.0085453276 | I81: 43651 | J81: 43665 | K81: 0.01016 | M81: 43216 | N81: 266.31 | O81: 04/26/2018 | P81: {=XLOOKUP(O81,Agregado!$B$2:$B$1511,Agregado!$G$2:$G$1511)} -> #N/A
B82: 26 / 4 / 2018 | C82: 137272.52 | D82: 92478.154 | E82: 66043.568 | F82: =SUM(C82:E82) -> 295794.24 | G82: =LN(F82/F81) -> -0.0036677455 | I82: 43658 | J82: 43672 | K82: -0.00877 | M82: 43217 | N82: 266.56 | O82: 04/27/2018 | P82: {=XLOOKUP(O82,Agregado!$B$2:$B$1511,Agregado!$G$2:$G$1511)} -> #N/A
B83: 27 / 4 / 2018 | C83: 138803.57 | D83: 92518.368 | E83: 66055.846 | F83: =SUM(C83:E83) -> 297377.79 | G83: =LN(F83/F82) -> 0.0053392564 | I83: 43665 | J83: 43679 | K83: 0.00437 | M83: 43220 | N83: 264.51 | O83: 04/30/2018 | P83: {=XLOOKUP(O83,Agregado!$B$2:$B$1511,Agregado!$G$2:$G$1511)} -> #N/A
B84: 30 / 4 / 2018 | C84: 139709.94 | D84: 92545.209 | E84: 66111.032 | F84: =SUM(C84:E84) -> 298366.18 | G84: =LN(F84/F83) -> 0.0033181869 | I84: 43672 | J84: 43686 | K84: -0.0156 | M84: 43221 | N84: 264.98 | O84: 43105 | P84: {=XLOOKUP(O84,Agregado!$B$2:$B$1511,Agregado!$G$2:$G$1511)} -> #N/A
B85: 1 / 5 / 2018 | C85: 139630.62 | D85: 92278.993 | E85: 66153.534 | F85: =SUM(C85:E85) -> 298063.15 | G85: =LN(F85/F84) -> -0.0010161674 | I85: 43679 | J85: 43693 | K85: -0.00273 | M85: 43222 | N85: 263.2 | O85: 43136 | P85: {=XLOOKUP(O85,Agregado!$B$2:$B$1511,Agregado!$G$2:$G$1511)} -> #N/A
B86: 2 / 5 / 2018 | C86: 140107.76 | D86: 92612.613 | E86: 66062.225 | F86: =SUM(C86:E86) -> 298782.6 | G86: =LN(F86/F85) -> 0.0024108653 | I86: 43686 | J86: 43700 | K86: 0.00115 | M86: 43223 | N86: 262.62 | O86: 43164 | P86: {=XLOOKUP(O86,Agregado!$B$2:$B$1511,Agregado!$G$2:$G$1511)} -> #N/A
B87: 3 / 5 / 2018 | C87: 139515.62 | D87: 91804.451 | E87: 66014.182 | F87: =SUM(C87:E87) -> 297334.26 | G87: =LN(F87/F86) -> -0.0048592783 | I87: 43693 | J87: 43707 | K87: 0.00315 | M87: 43224 | N87: 266.02 | O87: 43195 | P87: {=XLOOKUP(O87,Agregado!$B$2:$B$1511,Agregado!$G$2:$G$1511)} -> #N/A
B88: 4 / 5 / 2018 | C88: 134696.75 | D88: 95215.272 | E88: 65990.438 | F88: =SUM(C88:E88) -> 295902.46 | G88: =LN(F88/F87) -> -0.0048270741 | I88: 43700 | J88: 43714 | K88: 0.00148 | M88: 43227 | N88: 266.92 | O88: 43286 | P88: {=XLOOKUP(O88,Agregado!$B$2:$B$1511,Agregado!$G$2:$G$1511)} -> #N/A
B89: 7 / 5 / 2018 | C89: 136718.45 | D89: 95188.488 | E89: 66216.706 | F89: =SUM(C89:E89) -> 298123.65 | G89: =LN(F89/F88) -> 0.0074784436 | I89: 43707 | J89: 43721 | K89: 0.02156 | M89: 43228 | N89: 266.92 | O89: 43317 | P89: {=XLOOKUP(O89,Agregado!$B$2:$B$1511,Agregado!$G$2:$G$1511)} -> #N/A
B90: 8 / 5 / 2018 | C90: 136411.48 | D90: 95470.696 | E90: 66461.968 | F90: =SUM(C90:E90) -> 298344.14 | G90: =LN(F90/F89) -> 0.0007393325 | I90: 43714 | J90: 43728 | K90: -0.00453 | M90: 43229 | N90: 269.5 | O90: 43348 | P90: {=XLOOKUP(O90,Agregado!$B$2:$B$1511,Agregado!$G$2:$G$1511)} -> #N/A
B91: 9 / 5 / 2018 | C91: 136958.56 | D91: 97002.293 | E91: 66449.893 | F91: =SUM(C91:E91) -> 300410.74 | G91: =LN(F91/F90) -> 0.0069030292 | I91: 43721 | J91: 43735 | K91: 0.01826 | M91: 43230 | N91: 272.02 | O91: 43378 | P91: {=XLOOKUP(O91,Agregado!$B$2:$B$1511,Agregado!$G$2:$G$1511)} -> #N/A
B92: 10 / 5 / 2018 | C92: 137174.14 | D92: 97042.993 | E92: 66450.101 | F92: =SUM(C92:E92) -> 300667.23 | G92: =LN(F92/F91) -> 0.00085343675 | I92: 43728 | J92: 43742 | K92: -0.01855 | M92: 43231 | N92: 272.85 | O92: 43409 | P92: {=XLOOKUP(O92,Agregado!$B$2:$B$1511,Agregado!$G$2:$G$1511)} -> #N/A
B93: 11 / 5 / 2018 | C93: 139473.03 | D93: 97015.599 | E93: 66613.093 | F93: =SUM(C93:E93) -> 303101.73 | G93: =LN(F93/F92) -> 0.0080643636 | I93: 43735 | J93: 43749 | K93: 0.00052 | M93: 43234 | N93: 272.98 | O93: 05/14/2018 | P93: {=XLOOKUP(O93,Agregado!$B$2:$B$1511,Agregado!$G$2:$G$1511)} -> #N/A
B94: 14 / 5 / 2018 | C94: 139936.48 | D94: 97029.324 | E94: 66656.968 | F94: =SUM(C94:E94) -> 303622.77 | G94: =LN(F94/F93) -> 0.0017175675 | I94: 43742 | J94: 43756 | K94: 0.0034 | M94: 43235 | N94: 271.1 | O94: 05/15/2018 | P94: {=XLOOKUP(O94,Agregado!$B$2:$B$1511,Agregado!$G$2:$G$1511)} -> #N/A
B95: 15 / 5 / 2018 | C95: 140454.93 | D95: 96878.208 | E95: 66651.546 | F95: =SUM(C95:E95) -> 303984.68 | G95: =LN(F95/F94) -> 0.001191266 | I95: 43749 | J95: 43763 | K95: 0.00027 | M95: 43236 | N95: 272.24 | O95: 05/16/2018 | P95: {=XLOOKUP(O95,Agregado!$B$2:$B$1511,Agregado!$G$2:$G$1511)} -> #N/A
B96: 16 / 5 / 2018 | C96: 142067.49 | D96: 96987.363 | E96: 66757.783 | F96: =SUM(C96:E96) -> 305812.64 | G96: =LN(F96/F95) -> 0.0059953083 | I96: 43756 | J96: 43770 | K96: -0.01449 | M96: 43237 | N96: 272.01 | O96: 05/17/2018 | P96: {=XLOOKUP(O96,Agregado!$B$2:$B$1511,Agregado!$G$2:$G$1511)} -> #N/A
B97: 17 / 5 / 2018 | C97: 143169.87 | D97: 96973.659 | E97: 66682.838 | F97: =SUM(C97:E97) -> 306826.36 | G97: =LN(F97/F96) -> 0.0033093777 | I97: 43763 | J97: 43777 | K97: 0.0058 | M97: 43238 | N97: 271.33 | O97: 05/18/2018 | P97: {=XLOOKUP(O97,Agregado!$B$2:$B$1511,Agregado!$G$2:$G$1511)} -> #N/A
B98: 18 / 5 / 2018 | C98: 142163.33 | D98: 97028.442 | E98: 66683.1 | F98: =SUM(C98:E98) -> 305874.87 | G98: =LN(F98/F97) -> -0.0031059045 | I98: 43770 | J98: 43784 | K98: -0.00647 | M98: 43241 | N98: 273.37 | O98: 05/21/2018 | P98: {=XLOOKUP(O98,Agregado!$B$2:$B$1511,Agregado!$G$2:$G$1511)} -> #N/A
B99: 21 / 5 / 2018 | C99: 141240.76 | D99: 97096.746 | E99: 66689.341 | F99: =SUM(C99:E99) -> 305026.85 | G99: =LN(F99/F98) -> -0.0027763011 | I99: 43777 | J99: 43791 | K99: 0.00575 | M99: 43242 | N99: 272.61 | O99: 05/22/2018 | P99: {=XLOOKUP(O99,Agregado!$B$2:$B$1511,Agregado!$G$2:$G$1511)} -> #N/A
B100: 22 / 5 / 2018 | C100: 141924.13 | D100: 97261.89 | E100: 66708.175 | F100: =SUM(C100:E100) -> 305894.19 | G100: =LN(F100/F99) -> 0.0028394752 | I100: 43784 | J100: 43798 | K100: 0.01318 | M100: 43243 | N100: 273.36 | O100: 05/23/2018 | P100: {=XLOOKUP(O100,Agregado!$B$2:$B$1511,Agregado!$G$2:$G$1511)} -> #N/A
...

Sheet Hoja5
A2: 43102 | B2: 268.77 | C2: 43132 | D2: {=XLOOKUP(Hoja5!A2,#REF!,Agregado!G2:G1511)} -> #REF!
A3: 43103 | B3: 270.47 | C3: 43160 | D3: {=XLOOKUP(Hoja5!A3,#REF!,Agregado!G3:G1511)} -> #REF!
A4: 43104 | B4: 271.61 | C4: 43191 | D4: {=XLOOKUP(Hoja5!A4,Agregado!B1512,Agregado!G4:G1512)} -> #N/A
A5: 43105 | B5: 273.42 | C5: 43221 | D5: {=XLOOKUP(Hoja5!A5,Agregado!B1512:B1513,Agregado!G5:G1513)} -> #N/A
A6: 43108 | B6: 273.92 | C6: 43313 | D6: {=XLOOKUP(Hoja5!A6,Agregado!B1512:B1514,Agregado!G6:G1514)} -> #N/A
A7: 43109 | B7: 274.54 | C7: 43344 | D7: {=XLOOKUP(Hoja5!A7,Agregado!B1512:B1515,Agregado!G7:G1515)} -> #N/A
A8: 43110 | B8: 274.12 | C8: 43374 | D8: {=XLOOKUP(Hoja5!A8,Agregado!B1512:B1516,Agregado!G8:G1516)} -> #N/A
A9: 43111 | B9: 276.12 | C9: 43405 | D9: {=XLOOKUP(Hoja5!A9,Agregado!B1512:B1517,Agregado!G9:G1517)} -> #N/A
A10: 43112 | B10: 277.92 | C10: 43435 | D10: {=XLOOKUP(Hoja5!A10,Agregado!B1512:B1518,Agregado!G10:G1518)} -> #N/A
A11: 43116 | B11: 276.97 | C11: 01/16/2018 | D11: {=XLOOKUP(Hoja5!A11,Agregado!B1512:B1519,Agregado!G11:G1519)} -> #N/A
A12: 43117 | B12: 279.61 | C12: 01/17/2018 | D12: {=XLOOKUP(Hoja5!A12,Agregado!B1512:B1520,Agregado!G12:G1520)} -> #N/A
A13: 43118 | B13: 279.14 | C13: 01/18/2018 | D13: {=XLOOKUP(Hoja5!A13,Agregado!B1512:B1521,Agregado!G13:G1521)} -> #N/A
A14: 43119 | B14: 280.41 | C14: 01/19/2018 | D14: {=XLOOKUP(Hoja5!A14,Agregado!B1512:B1522,Agregado!G14:G1522)} -> #N/A
A15: 43122 | B15: 282.69 | C15: 01/22/2018 | D15: {=XLOOKUP(Hoja5!A15,Agregado!B1512:B1523,Agregado!G15:G1523)} -> #N/A
A16: 43123 | B16: 283.29 | C16: 01/23/2018 | D16: {=XLOOKUP(Hoja5!A16,Agregado!B1512:B1524,Agregado!G16:G1524)} -> #N/A
A17: 43124 | B17: 283.18 | C17: 01/24/2018 | D17: {=XLOOKUP(Hoja5!A17,Agregado!B1512:B1525,Agregado!G17:G1525)} -> #N/A
A18: 43125 | B18: 283.3 | C18: 01/25/2018 | D18: {=XLOOKUP(Hoja5!A18,Agregado!B1512:B1526,Agregado!G18:G1526)} -> #N/A
A19: 43126 | B19: 286.58 | C19: 01/26/2018 | D19: {=XLOOKUP(Hoja5!A19,Agregado!B1512:B1527,Agregado!G19:G1527)} -> #N/A
A20: 43129 | B20: 284.68 | C20: 01/29/2018 | D20: {=XLOOKUP(Hoja5!A20,Agregado!B1512:B1528,Agregado!G20:G1528)} -> #N/A
A21: 43130 | B21: 281.76 | C21: 01/30/2018 | D21: {=XLOOKUP(Hoja5!A21,Agregado!B1512:B1529,Agregado!G21:G1529)} -> #N/A
A22: 43131 | B22: 281.9 | C22: 01/31/2018 | D22: {=XLOOKUP(Hoja5!A22,Agregado!B1512:B1530,Agregado!G22:G1530)} -> #N/A
A23: 43132 | B23: 281.58 | C23: 43102 | D23: {=XLOOKUP(Hoja5!A23,Agregado!B1512:B1531,Agregado!G23:G1531)} -> #N/A
A24: 43133 | B24: 275.45 | C24: 43133 | D24: {=XLOOKUP(Hoja5!A24,Agregado!B1512:B1532,Agregado!G24:G1532)} -> #N/A
A25: 43136 | B25: 263.93 | C25: 43222 | D25: {=XLOOKUP(Hoja5!A25,Agregado!B1512:B1533,Agregado!G25:G1533)} -> #N/A
A26: 43137 | B26: 269.13 | C26: 43253 | D26: {=XLOOKUP(Hoja5!A26,Agregado!B1512:B1534,Agregado!G26:G1534)} -> #N/A
A27: 43138 | B27: 267.67 | C27: 43283 | D27: {=XLOOKUP(Hoja5!A27,Agregado!B1512:B1535,Agregado!G27:G1535)} -> #N/A
A28: 43139 | B28: 257.63 | C28: 43314 | D28: {=XLOOKUP(Hoja5!A28,Agregado!B1512:B1536,Agregado!G28:G1536)} -> #N/A
A29: 43140 | B29: 261.5 | C29: 43345 | D29: {=XLOOKUP(Hoja5!A29,Agregado!B1512:B1537,Agregado!G29:G1537)} -> #N/A
A30: 43143 | B30: 265.34 | C30: 43436 | D30: {=XLOOKUP(Hoja5!A30,Agregado!B1512:B1538,Agregado!G30:G1538)} -> #N/A
A31: 43144 | B31: 266 | C31: 02/13/2018 | D31: {=XLOOKUP(Hoja5!A31,Agregado!B1512:B1539,Agregado!G31:G1539)} -> #N/A
A32: 43145 | B32: 269.59 | C32: 02/14/2018 | D32: {=XLOOKUP(Hoja5!A32,Agregado!B1512:B1540,Agregado!G32:G1540)} -> #N/A
A33: 43146 | B33: 273.03 | C33: 02/15/2018 | D33: {=XLOOKUP(Hoja5!A33,Agregado!B1512:B1541,Agregado!G33:G1541)} -> #N/A
A34: 43147 | B34: 273.11 | C34: 02/16/2018 | D34: {=XLOOKUP(Hoja5!A34,Agregado!B1512:B1542,Agregado!G34:G1542)} -> #N/A
A35: 43151 | B35: 271.4 | C35: 02/20/2018 | D35: {=XLOOKUP(Hoja5!A35,Agregado!B1512:B1543,Agregado!G35:G1543)} -> #N/A
A36: 43152 | B36: 270.05 | C36: 02/21/2018 | D36: {=XLOOKUP(Hoja5!A36,Agregado!B1512:B1544,Agregado!G36:G1544)} -> #N/A
A37: 43153 | B37: 270.4 | C37: 02/22/2018 | D37: {=XLOOKUP(Hoja5!A37,Agregado!B1512:B1545,Agregado!G37:G1545)} -> #N/A
A38: 43154 | B38: 274.71 | C38: 02/23/2018 | D38: {=XLOOKUP(Hoja5!A38,Agregado!B1512:B1546,Agregado!G38:G1546)} -> #N/A
A39: 43157 | B39: 277.9 | C39: 02/26/2018 | D39: {=XLOOKUP(Hoja5!A39,Agregado!B1512:B1547,Agregado!G39:G1547)} -> #N/A
A40: 43158 | B40: 274.43 | C40: 02/27/2018 | D40: {=XLOOKUP(Hoja5!A40,Agregado!B1512:B1548,Agregado!G40:G1548)} -> #N/A
A41: 43159 | B41: 271.65 | C41: 02/28/2018 | D41: {=XLOOKUP(Hoja5!A41,Agregado!B1512:B1549,Agregado!G41:G1549)} -> #N/A
A42: 43160 | B42: 267.7 | C42: 43103 | D42: {=XLOOKUP(Hoja5!A42,Agregado!B1512:B1550,Agregado!G42:G1550)} -> #N/A
A43: 43161 | B43: 269.08 | C43: 43134 | D43: {=XLOOKUP(Hoja5!A43,Agregado!B1512:B1551,Agregado!G43:G1551)} -> #N/A
A44: 43164 | B44: 272.19 | C44: 43223 | D44: {=XLOOKUP(Hoja5!A44,Agregado!B1512:B1552,Agregado!G44:G1552)} -> #N/A
A45: 43165 | B45: 272.88 | C45: 43254 | D45: {=XLOOKUP(Hoja5!A45,Agregado!B1512:B1553,Agregado!G45:G1553)} -> #N/A
A46: 43166 | B46: 272.78 | C46: 43284 | D46: {=XLOOKUP(Hoja5!A46,Agregado!B1512:B1554,Agregado!G46:G1554)} -> #N/A
A47: 43167 | B47: 274.1 | C47: 43315 | D47: {=XLOOKUP(Hoja5!A47,Agregado!B1512:B1555,Agregado!G47:G1555)} -> #N/A
A48: 43168 | B48: 278.87 | C48: 43346 | D48: {=XLOOKUP(Hoja5!A48,Agregado!B1512:B1556,Agregado!G48:G1556)} -> #N/A
A49: 43171 | B49: 278.52 | C49: 43437 | D49: {=XLOOKUP(Hoja5!A49,Agregado!B1512:B1557,Agregado!G49:G1557)} -> #N/A
A50: 43172 | B50: 276.72 | C50: 03/13/2018 | D50: {=XLOOKUP(Hoja5!A50,Agregado!B1512:B1558,Agregado!G50:G1558)} -> #N/A
A51: 43173 | B51: 275.3 | C51: 03/14/2018 | D51: {=XLOOKUP(Hoja5!A51,Agregado!B1512:B1559,Agregado!G51:G1559)} -> #N/A
A52: 43174 | B52: 275 | C52: 03/15/2018 | D52: {=XLOOKUP(Hoja5!A52,Agregado!B1512:B1560,Agregado!G52:G1560)} -> #N/A
A53: 43175 | B53: 274.2 | C53: 03/16/2018 | D53: {=XLOOKUP(Hoja5!A53,Agregado!B1512:B1561,Agregado!G53:G1561)} -> #N/A
A54: 43178 | B54: 270.49 | C54: 03/19/2018 | D54: {=XLOOKUP(Hoja5!A54,Agregado!B1512:B1562,Agregado!G54:G1562)} -> #N/A
A55: 43179 | B55: 270.95 | C55: 03/20/2018 | D55: {=XLOOKUP(Hoja5!A55,Agregado!B1512:B1563,Agregado!G55:G1563)} -> #N/A
A56: 43180 | B56: 270.43 | C56: 03/21/2018 | D56: {=XLOOKUP(Hoja5!A56,Agregado!B1512:B1564,Agregado!G56:G1564)} -> #N/A
A57: 43181 | B57: 263.67 | C57: 03/22/2018 | D57: {=XLOOKUP(Hoja5!A57,Agregado!B1512:B1565,Agregado!G57:G1565)} -> #N/A
A58: 43182 | B58: 258.05 | C58: 03/23/2018 | D58: {=XLOOKUP(Hoja5!A58,Agregado!B1512:B1566,Agregado!G58:G1566)} -> #N/A
A59: 43185 | B59: 265.11 | C59: 03/26/2018 | D59: {=XLOOKUP(Hoja5!A59,Agregado!B1512:B1567,Agregado!G59:G1567)} -> #N/A
A60: 43186 | B60: 260.6 | C60: 03/27/2018 | D60: {=XLOOKUP(Hoja5!A60,Agregado!B1512:B1568,Agregado!G60:G1568)} -> #N/A
A61: 43187 | B61: 259.83 | C61: 03/28/2018 | D61: {=XLOOKUP(Hoja5!A61,Agregado!B1512:B1569,Agregado!G61:G1569)} -> #N/A
A62: 43188 | B62: 263.15 | C62: 03/29/2018 | D62: {=XLOOKUP(Hoja5!A62,Agregado!B1512:B1570,Agregado!G62:G1570)} -> #N/A
A63: 43192 | B63: 257.47 | C63: 43135 | D63: {=XLOOKUP(Hoja5!A63,Agregado!B1512:B1571,Agregado!G63:G1571)} -> #N/A
A64: 43193 | B64: 260.77 | C64: 43163 | D64: {=XLOOKUP(Hoja5!A64,Agregado!B1512:B1572,Agregado!G64:G1572)} -> #N/A
A65: 43194 | B65: 263.56 | C65: 43194 | D65: {=XLOOKUP(Hoja5!A65,Agregado!B1512:B1573,Agregado!G65:G1573)} -> #N/A
A66: 43195 | B66: 265.64 | C66: 43224 | D66: {=XLOOKUP(Hoja5!A66,Agregado!B1512:B1574,Agregado!G66:G1574)} -> #N/A
A67: 43196 | B67: 259.72 | C67: 43255 | D67: {=XLOOKUP(Hoja5!A67,Agregado!B1512:B1575,Agregado!G67:G1575)} -> #N/A
A68: 43199 | B68: 261 | C68: 43347 | D68: {=XLOOKUP(Hoja5!A68,Agregado!B1512:B1576,Agregado!G68:G1576)} -> #N/A
A69: 43200 | B69: 265.15 | C69: 43377 | D69: {=XLOOKUP(Hoja5!A69,Agregado!B1512:B1577,Agregado!G69:G1577)} -> #N/A
A70: 43201 | B70: 263.76 | C70: 43408 | D70: {=XLOOKUP(Hoja5!A70,Agregado!B1512:B1578,Agregado!G70:G1578)} -> #N/A
A71: 43202 | B71: 265.93 | C71: 43438 | D71: {=XLOOKUP(Hoja5!A71,Agregado!B1512:B1579,Agregado!G71:G1579)} -> #N/A
A72: 43203 | B72: 265.15 | C72: 04/13/2018 | D72: {=XLOOKUP(Hoja5!A72,Agregado!B1512:B1580,Agregado!G72:G1580)} -> #N/A
A73: 43206 | B73: 267.33 | C73: 04/16/2018 | D73: {=XLOOKUP(Hoja5!A73,Agregado!B1512:B1581,Agregado!G73:G1581)} -> #N/A
A74: 43207 | B74: 270.19 | C74: 04/17/2018 | D74: {=XLOOKUP(Hoja5!A74,Agregado!B1512:B1582,Agregado!G74:G1582)} -> #N/A
A75: 43208 | B75: 270.39 | C75: 04/18/2018 | D75: {=XLOOKUP(Hoja5!A75,Agregado!B1512:B1583,Agregado!G75:G1583)} -> #N/A
A76: 43209 | B76: 268.89 | C76: 04/19/2018 | D76: {=XLOOKUP(Hoja5!A76,Agregado!B1512:B1584,Agregado!G76:G1584)} -> #N/A
A77: 43210 | B77: 266.61 | C77: 04/20/2018 | D77: {=XLOOKUP(Hoja5!A77,Agregado!B1512:B1585,Agregado!G77:G1585)} -> #N/A
A78: 43213 | B78: 266.57 | C78: 04/23/2018 | D78: {=XLOOKUP(Hoja5!A78,Agregado!B1512:B1586,Agregado!G78:G1586)} -> #N/A
A79: 43214 | B79: 262.98 | C79: 04/24/2018 | D79: {=XLOOKUP(Hoja5!A79,Agregado!B1512:B1587,Agregado!G79:G1587)} -> #N/A
A80: 43215 | B80: 263.63 | C80: 04/25/2018 | D80: {=XLOOKUP(Hoja5!A80,Agregado!B1512:B1588,Agregado!G80:G1588)} -> #N/A
A81: 43216 | B81: 266.31 | C81: 04/26/2018 | D81: {=XLOOKUP(Hoja5!A81,Agregado!B1512:B1589,Agregado!G81:G1589)} -> #N/A
A82: 43217 | B82: 266.56 | C82: 04/27/2018 | D82: {=XLOOKUP(Hoja5!A82,Agregado!B1512:B1590,Agregado!G82:G1590)} -> #N/A
A83: 43220 | B83: 264.51 | C83: 04/30/2018 | D83: {=XLOOKUP(Hoja5!A83,Agregado!B1512:B1591,Agregado!G83:G1591)} -> #N/A
A84: 43221 | B84: 264.98 | C84: 43105 | D84: {=XLOOKUP(Hoja5!A84,Agregado!B1512:B1592,Agregado!G84:G1592)} -> #N/A
A85: 43222 | B85: 263.2 | C85: 43136 | D85: {=XLOOKUP(Hoja5!A85,Agregado!B1512:B1593,Agregado!G85:G1593)} -> #N/A
A86: 43223 | B86: 262.62 | C86: 43164 | D86: {=XLOOKUP(Hoja5!A86,Agregado!B1512:B1594,Agregado!G86:G1594)} -> #N/A
A87: 43224 | B87: 266.02 | C87: 43195 | D87: {=XLOOKUP(Hoja5!A87,Agregado!B1512:B1595,Agregado!G87:G1595)} -> #N/A
A88: 43227 | B88: 266.92 | C88: 43286 | D88: {=XLOOKUP(Hoja5!A88,Agregado!B1512:B1596,Agregado!G88:G1596)} -> #N/A
A89: 43228 | B89: 266.92 | C89: 43317 | D89: {=XLOOKUP(Hoja5!A89,Agregado!B1512:B1597,Agregado!G89:G1597)} -> #N/A
A90: 43229 | B90: 269.5 | C90: 43348 | D90: {=XLOOKUP(Hoja5!A90,Agregado!B1512:B1598,Agregado!G90:G1598)} -> #N/A
A91: 43230 | B91: 272.02 | C91: 43378 | D91: {=XLOOKUP(Hoja5!A91,Agregado!B1512:B1599,Agregado!G91:G1599)} -> #N/A
A92: 43231 | B92: 272.85 | C92: 43409 | D92: {=XLOOKUP(Hoja5!A92,Agregado!B1512:B1600,Agregado!G92:G1600)} -> #N/A
A93: 43234 | B93: 272.98 | C93: 05/14/2018 | D93: {=XLOOKUP(Hoja5!A93,Agregado!B1512:B1601,Agregado!G93:G1601)} -> #N/A
A94: 43235 | B94: 271.1 | C94: 05/15/2018 | D94: {=XLOOKUP(Hoja5!A94,Agregado!B1512:B1602,Agregado!G94:G1602)} -> #N/A
A95: 43236 | B95: 272.24 | C95: 05/16/2018 | D95: {=XLOOKUP(Hoja5!A95,Agregado!B1512:B1603,Agregado!G95:G1603)} -> #N/A
A96: 43237 | B96: 272.01 | C96: 05/17/2018 | D96: {=XLOOKUP(Hoja5!A96,Agregado!B1512:B1604,Agregado!G96:G1604)} -> #N/A
A97: 43238 | B97: 271.33 | C97: 05/18/2018 | D97: {=XLOOKUP(Hoja5!A97,Agregado!B1512:B1605,Agregado!G97:G1605)} -> #N/A
A98: 43241 | B98: 273.37 | C98: 05/21/2018 | D98: {=XLOOKUP(Hoja5!A98,Agregado!B1512:B1606,Agregado!G98:G1606)} -> #N/A
A99: 43242 | B99: 272.61 | C99: 05/22/2018 | D99: {=XLOOKUP(Hoja5!A99,Agregado!B1512:B1607,Agregado!G99:G1607)} -> #N/A
A100: 43243 | B100: 273.36 | C100: 05/23/2018 | D100: {=XLOOKUP(Hoja5!A100,Agregado!B1512:B1608,Agregado!G100:G1608)} -> #N/A
A101: 43244 | B101: 272.8 | C101: 05/24/2018 | D101: {=XLOOKUP(Hoja5!A101,Agregado!B1512:B1609,Agregado!G101:G1609)} -> #N/A
...

Sheet Hoja6
A2: 43102 | B2: 268.77 | D2: -0.020259075
A3: 43103 | B3: 270.47 | C3: =LN(B3/B2) -> 0.0063051911 | D3: -0.00076656327 | F3: =CORREL(C3:C1516,D3:D1516) -> -0.0076432568
A4: 43104 | B4: 271.61 | C4: =LN(B4/B3) -> 0.0042060275 | D4: -0.0036338327
A5: 43105 | B5: 273.42 | C5: =LN(B5/B4) -> 0.0066418606 | D5: -0.0019347903
A6: 43108 | B6: 273.92 | C6: =LN(B6/B5) -> 0.0018270185 | D6: -0.0046100004
A7: 43109 | B7: 274.54 | C7: =LN(B7/B6) -> 0.0022608769 | D7: 0.0082069416
A8: 43110 | B8: 274.12 | C8: =LN(B8/B7) -> -0.0015310031 | D8: 0.0043354749
A9: 43111 | B9: 276.12 | C9: =LN(B9/B8) -> 0.0072695871 | D9: 0.012727725
A10: 43112 | B10: 277.92 | C10: =LN(B10/B9) -> 0.0064977487 | D10: 0.0096058397
A11: 43116 | B11: 276.97 | C11: =LN(B11/B10) -> -0.0034241054 | D11: -0.0047883005
A12: 43117 | B12: 279.61 | C12: =LN(B12/B11) -> 0.009486578 | D12: -0.00064652595
A13: 43118 | B13: 279.14 | C13: =LN(B13/B12) -> -0.001682327 | D13: 0.021431205
A14: 43119 | B14: 280.41 | C14: =LN(B14/B13) -> 0.0045393698 | D14: -0.0038074869
A15: 43122 | B15: 282.69 | C15: =LN(B15/B14) -> 0.008098073 | D15: 0.011034693
... A1130: 44729 | B1130: 365.86 | C1130: =LN(B1130/B1129) -> -0.002156968 | D1130: 0.0065884653
A1131: 44002 | C1131: 0 | D1131: 0
A1132: 44733 | B1132: 375.07 | C1132: =LN(B1132/B1130) -> 0.024861929 | D1132: 0.0028357488
A1133: 44734 | B1133: 374.39 | C1133: =LN(B1133/B1132) -> -0.0018146404 | D1133: -0.0096521009
A1134: 44735 | B1134: 378.06 | C1134: =LN(B1134/B1133) -> 0.0097548783 | D1134: 0.0016135252
A1135: 44736 | B1135: 390.08 | C1135: =LN(B1135/B1134) -> 0.031298933 | D1135: -0.0039605548
A1136: 44739 | B1136: 388.59 | C1136: =LN(B1136/B1135) -> -0.0038270431 | D1136: 0.0041696459
A1137: 44740 | B1137: 380.65 | C1137: =LN(B1137/B1136) -> -0.020644485 | D1137: 0.00027597203
A1138: 44741 | B1138: 380.34 | C1138: =LN(B1138/B1137) -> -0.00081472823 | D1138: 0.0021454856
A1139: 44742 | B1139: 377.25 | C1139: =LN(B1139/B1138) -> -0.0081574919 | D1139: -0.0012866126
A1140: 44743 | B1140: 381.24 | C1140: =LN(B1140/B1139) -> 0.010521 | D1140: -0.0011521605
A1141: 44747 | B1141: 381.96 | C1141: =LN(B1141/B1140) -> 0.001886793 | D1141: 0.00039388546
A1142: 44748 | B1142: 383.25 | C1142: =LN(B1142/B1141) -> 0.0033716267 | D1142: -0.0052560462
A1143: 44749 | B1143: 388.99 | C1143: =LN(B1143/B1142) -> 0.014866119 | D1143: 0.0057256726
A1144: 44750 | B1144: 388.67 | C1144: =LN(B1144/B1143) -> -0.00082298181 | D1144: -0.0031306448
... A1381: 45093 | B1381: 439.46 | C1381: =LN(B1381/B1380) -> -0.0071197271 | D1381: 0.00016743251
A1382: 45096 | C1382: 0 | D1382: 0
A1383: 45097 | B1383: 437.18 | C1383: =LN(B1383/B1381) -> -0.0052016909 | D1383: -0.0020199201
A1384: 45098 | B1384: 434.94 | C1384: =LN(B1384/B1383) -> -0.0051369191 | D1384: 0.0075035691
A1385: 45099 | B1385: 436.51 | C1385: =LN(B1385/B1384) -> 0.003603194 | D1385: 0.0061216952
A1386: 45100 | B1386: 433.21 | C1386: =LN(B1386/B1385) -> -0.0075886856 | D1386: -0.0097521678
A1387: 45103 | B1387: 431.44 | C1387: =LN(B1387/B1386) -> -0.0040941479 | D1387: 0.0087434133
A1388: 45104 | B1388: 436.17 | C1388: =LN(B1388/B1387) -> 0.010903625 | D1388: 0.0028900506
A1389: 45105 | B1389: 436.39 | C1389: =LN(B1389/B1388) -> 0.00050426333 | D1389: 0.0058283748
A1390: 45106 | B1390: 438.11 | C1390: =LN(B1390/B1389) -> 0.0039336815 | D1390: 0.004312824
A1391: 45107 | B1391: 443.28 | C1391: =LN(B1391/B1390) -> 0.011731604 | D1391: 0.010593785
A1392: 45110 | B1392: 443.79 | C1392: =LN(B1392/B1391) -> 0.001149853 | D1392: 0.0041965891
A1393: 45112 | B1393: 443.13 | C1393: =LN(B1393/B1392) -> -0.0014882969 | D1393: 0.0015082337
A1394: 45113 | B1394: 439.66 | C1394: =LN(B1394/B1393) -> -0.0078614798 | D1394: -0.0069245363
A1395: 45114 | B1395: 438.55 | C1395: =LN(B1395/B1394) -> -0.0025278705 | D1395: 0.0039213119
... A1516: 45288 | B1516: 476.69 | C1516: =LN(B1516/B1515) -> 0.0003776752 | D1516: 0.0031390022

Sheet Hoja7
B2: 20180102 | C2: 0.85 | D2: 0.35 | E2: -0.22 | F2: 0.006
B3: 20180103 | C3: 0.59 | D3: -0.39 | E3: -0.18 | F3: 0.006
B4: 20180104 | C4: 0.42 | D4: -0.26 | E4: 0.24 | F4: 0.006
B5: 20180105 | C5: 0.66 | D5: -0.35 | E5: -0.26 | F5: 0.006
B6: 20180108 | C6: 0.19 | D6: -0.15 | E6: 0.05 | F6: 0.006
B7: 20180109 | C7: 0.15 | D7: -0.35 | E7: -0.04 | F7: 0.006
B8: 20180110 | C8: -0.07 | D8: 0.07 | E8: 0.57 | F8: 0.006
B9: 20180111 | C9: 0.87 | D9: 1.15 | E9: 0.31 | F9: 0.006
B10: 20180112 | C10: 0.66 | D10: -0.31 | E10: 0.16 | F10: 0.006
B11: 20180116 | C11: -0.49 | D11: -1.02 | E11: 0.01 | F11: 0.006
B12: 20180117 | C12: 0.95 | D12: -0.03 | E12: -0.10 | F12: 0.006
B13: 20180118 | C13: -0.18 | D13: -0.50 | E13: -0.25 | F13: 0.006
... B1510: 20231229 | C1510: -0.43 | D1510: -1.13 | E1510: -0.37 | F1510: 0.021
